"ticker","entity","concept","fy","fp","form","start","end","days","val","filed","accn","frame"
"HD","The Home Depot, Inc.","RevenueFromContractWithCustomerExcludingAssessedTax","2020","FY","10-K","2018-01-29","2019-02-03","370","108203000000","2021-03-24","0000354950-21-000089","CY2018"
"HD","The Home Depot, Inc.","RevenueFromContractWithCustomerExcludingAssessedTax","2020","Q1","10-Q","2019-02-04","2019-05-05","90","26381000000","2020-05-27","0000354950-20-000041","CY2019Q1"
"HD","The Home Depot, Inc.","RevenueFromContractWithCustomerExcludingAssessedTax","2020","Q2","10-Q","2019-02-04","2019-08-04","181","57220000000","2020-08-25","0000354950-20-000068",""
"HD","The Home Depot, Inc.","RevenueFromContractWithCustomerExcludingAssessedTax","2020","Q2","10-Q","2019-05-06","2019-08-04","90","30839000000","2020-08-25","0000354950-20-000068","CY2019Q2"
"HD","The Home Depot, Inc.","RevenueFromContractWithCustomerExcludingAssessedTax","2020","Q3","10-Q","2019-02-04","2019-11-03","272","84443000000","2020-11-24","0000354950-20-000103",""
"HD","The Home Depot, Inc.","RevenueFromContractWithCustomerExcludingAssessedTax","2020","Q3","10-Q","2019-08-05","2019-11-03","90","27223000000","2020-11-24","0000354950-20-000103","CY2019Q3"
"HD","The Home Depot, Inc.","RevenueFromContractWithCustomerExcludingAssessedTax","2020","FY","10-K","2019-02-04","2020-02-02","363","110225000000","2021-03-24","0000354950-21-000089",""
"HD","The Home Depot, Inc.","RevenueFromContractWithCustomerExcludingAssessedTax","2021","FY","10-K","2019-02-04","2020-02-02","363","110225000000","2022-03-23","0000354950-22-000070","CY2019"
"HD","The Home Depot, Inc.","RevenueFromContractWithCustomerExcludingAssessedTax","2020","Q1","10-Q","2020-02-03","2020-05-03","90","28260000000","2020-05-27","0000354950-20-000041",""
"HD","The Home Depot, Inc.","RevenueFromContractWithCustomerExcludingAssessedTax","2021","Q1","10-Q","2020-02-03","2020-05-03","90","28260000000","2021-05-25","0000354950-21-000147","CY2020Q1"
"HD","The Home Depot, Inc.","RevenueFromContractWithCustomerExcludingAssessedTax","2020","Q2","10-Q","2020-02-03","2020-08-02","181","66313000000","2020-08-25","0000354950-20-000068",""
"HD","The Home Depot, Inc.","RevenueFromContractWithCustomerExcludingAssessedTax","2021","Q2","10-Q","2020-02-03","2020-08-02","181","66313000000","2021-08-24","0000354950-21-000189",""
"HD","The Home Depot, Inc.","RevenueFromContractWithCustomerExcludingAssessedTax","2020","Q2","10-Q","2020-05-04","2020-08-02","90","38053000000","2020-08-25","0000354950-20-000068",""
"HD","The Home Depot, Inc.","RevenueFromContractWithCustomerExcludingAssessedTax","2021","Q2","10-Q","2020-05-04","2020-08-02","90","38053000000","2021-08-24","0000354950-21-000189","CY2020Q2"
"HD","The Home Depot, Inc.","RevenueFromContractWithCustomerExcludingAssessedTax","2020","Q3","10-Q","2020-02-03","2020-11-01","272","99849000000","2020-11-24","0000354950-20-000103",""
"HD","The Home Depot, Inc.","RevenueFromContractWithCustomerExcludingAssessedTax","2021","Q3","10-Q","2020-02-03","2020-11-01","272","99849000000","2021-11-23","0000354950-21-000234",""
"HD","The Home Depot, Inc.","RevenueFromContractWithCustomerExcludingAssessedTax","2020","Q3","10-Q","2020-08-03","2020-11-01","90","33536000000","2020-11-24","0000354950-20-000103",""
"HD","The Home Depot, Inc.","RevenueFromContractWithCustomerExcludingAssessedTax","2021","Q3","10-Q","2020-08-03","2020-11-01","90","33536000000","2021-11-23","0000354950-21-000234","CY2020Q3"
"HD","The Home Depot, Inc.","RevenueFromContractWithCustomerExcludingAssessedTax","2020","FY","10-K","2020-02-03","2021-01-31","363","132110000000","2021-03-24","0000354950-21-000089",""
"HD","The Home Depot, Inc.","RevenueFromContractWithCustomerExcludingAssessedTax","2021","FY","10-K","2020-02-03","2021-01-31","363","132110000000","2022-03-23","0000354950-22-000070",""
"HD","The Home Depot, Inc.","RevenueFromContractWithCustomerExcludingAssessedTax","2022","FY","10-K","2020-02-03","2021-01-31","363","132110000000","2023-03-15","0000354950-23-000059","CY2020"
"HD","The Home Depot, Inc.","RevenueFromContractWithCustomerExcludingAssessedTax","2021","Q1","10-Q","2021-02-01","2021-05-02","90","37500000000","2021-05-25","0000354950-21-000147",""
"HD","The Home Depot, Inc.","RevenueFromContractWithCustomerExcludingAssessedTax","2022","Q1","10-Q","2021-02-01","2021-05-02","90","37500000000","2022-05-24","0000354950-22-000158","CY2021Q1"
"HD","The Home Depot, Inc.","RevenueFromContractWithCustomerExcludingAssessedTax","2021","Q2","10-Q","2021-02-01","2021-08-01","181","78618000000","2021-08-24","0000354950-21-000189",""
"HD","The Home Depot, Inc.","RevenueFromContractWithCustomerExcludingAssessedTax","2022","Q2","10-Q","2021-02-01","2021-08-01","181","78618000000","2022-08-23","0000354950-22-000193",""
"HD","The Home Depot, Inc.","RevenueFromContractWithCustomerExcludingAssessedTax","2021","Q2","10-Q","2021-05-03","2021-08-01","90","41118000000","2021-08-24","0000354950-21-000189",""
"HD","The Home Depot, Inc.","RevenueFromContractWithCustomerExcludingAssessedTax","2022","Q2","10-Q","2021-05-03","2021-08-01","90","41118000000","2022-08-23","0000354950-22-000193","CY2021Q2"
"HD","The Home Depot, Inc.","RevenueFromContractWithCustomerExcludingAssessedTax","2021","Q3","10-Q","2021-02-01","2021-10-31","272","115438000000","2021-11-23","0000354950-21-000234",""
"HD","The Home Depot, Inc.","RevenueFromContractWithCustomerExcludingAssessedTax","2022","Q3","10-Q","2021-02-01","2021-10-31","272","115438000000","2022-11-22","0000354950-22-000239",""
"HD","The Home Depot, Inc.","RevenueFromContractWithCustomerExcludingAssessedTax","2021","Q3","10-Q","2021-08-02","2021-10-31","90","36820000000","2021-11-23","0000354950-21-000234",""
"HD","The Home Depot, Inc.","RevenueFromContractWithCustomerExcludingAssessedTax","2022","Q3","10-Q","2021-08-02","2021-10-31","90","36820000000","2022-11-22","0000354950-22-000239","CY2021Q3"
"HD","The Home Depot, Inc.","RevenueFromContractWithCustomerExcludingAssessedTax","2021","FY","10-K","2021-02-01","2022-01-30","363","151157000000","2022-03-23","0000354950-22-000070",""
"HD","The Home Depot, Inc.","RevenueFromContractWithCustomerExcludingAssessedTax","2022","FY","10-K","2021-02-01","2022-01-30","363","151157000000","2023-03-15","0000354950-23-000059",""
"HD","The Home Depot, Inc.","RevenueFromContractWithCustomerExcludingAssessedTax","2023","FY","10-K","2021-02-01","2022-01-30","363","151157000000","2024-03-13","0000354950-24-000062","CY2021"
"HD","The Home Depot, Inc.","RevenueFromContractWithCustomerExcludingAssessedTax","2022","Q1","10-Q","2022-01-31","2022-05-01","90","38908000000","2022-05-24","0000354950-22-000158",""
"HD","The Home Depot, Inc.","RevenueFromContractWithCustomerExcludingAssessedTax","2023","Q1","10-Q","2022-01-31","2022-05-01","90","38908000000","2023-05-23","0000354950-23-000144","CY2022Q1"
"HD","The Home Depot, Inc.","RevenueFromContractWithCustomerExcludingAssessedTax","2022","Q2","10-Q","2022-01-31","2022-07-31","181","82700000000","2022-08-23","0000354950-22-000193",""
"HD","The Home Depot, Inc.","RevenueFromContractWithCustomerExcludingAssessedTax","2023","Q2","10-Q","2022-01-31","2022-07-31","181","82700000000","2023-08-22","0000354950-23-000185",""
"HD","The Home Depot, Inc.","RevenueFromContractWithCustomerExcludingAssessedTax","2022","Q2","10-Q","2022-05-02","2022-07-31","90","43792000000","2022-08-23","0000354950-22-000193",""
"HD","The Home Depot, Inc.","RevenueFromContractWithCustomerExcludingAssessedTax","2023","Q2","10-Q","2022-05-02","2022-07-31","90","43792000000","2023-08-22","0000354950-23-000185","CY2022Q2"
"HD","The Home Depot, Inc.","RevenueFromContractWithCustomerExcludingAssessedTax","2022","Q3","10-Q","2022-01-31","2022-10-30","272","121572000000","2022-11-22","0000354950-22-000239",""
"HD","The Home Depot, Inc.","RevenueFromContractWithCustomerExcludingAssessedTax","2023","Q3","10-Q","2022-01-31","2022-10-30","272","121572000000","2023-11-21","0000354950-23-000240",""
"HD","The Home Depot, Inc.","RevenueFromContractWithCustomerExcludingAssessedTax","2022","Q3","10-Q","2022-08-01","2022-10-30","90","38872000000","2022-11-22","0000354950-22-000239",""
"HD","The Home Depot, Inc.","RevenueFromContractWithCustomerExcludingAssessedTax","2023","Q3","10-Q","2022-08-01","2022-10-30","90","38872000000","2023-11-21","0000354950-23-000240","CY2022Q3"
"HD","The Home Depot, Inc.","RevenueFromContractWithCustomerExcludingAssessedTax","2022","FY","10-K","2022-01-31","2023-01-29","363","157403000000","2023-03-15","0000354950-23-000059",""
"HD","The Home Depot, Inc.","RevenueFromContractWithCustomerExcludingAssessedTax","2023","FY","10-K","2022-01-31","2023-01-29","363","157403000000","2024-03-13","0000354950-24-000062",""
"HD","The Home Depot, Inc.","RevenueFromContractWithCustomerExcludingAssessedTax","2024","FY","10-K","2022-01-31","2023-01-29","363","157403000000","2025-03-21","0000354950-25-000085","CY2022"
"HD","The Home Depot, Inc.","RevenueFromContractWithCustomerExcludingAssessedTax","2023","Q1","10-Q","2023-01-30","2023-04-30","90","37257000000","2023-05-23","0000354950-23-000144",""
"HD","The Home Depot, Inc.","RevenueFromContractWithCustomerExcludingAssessedTax","2024","Q1","10-Q","2023-01-30","2023-04-30","90","37257000000","2024-05-21","0000354950-24-000152","CY2023Q1"
"HD","The Home Depot, Inc.","RevenueFromContractWithCustomerExcludingAssessedTax","2023","Q2","10-Q","2023-01-30","2023-07-30","181","80173000000","2023-08-22","0000354950-23-000185",""
"HD","The Home Depot, Inc.","RevenueFromContractWithCustomerExcludingAssessedTax","2024","Q2","10-Q","2023-01-30","2023-07-30","181","80173000000","2024-08-20","0000354950-24-000201",""
"HD","The Home Depot, Inc.","RevenueFromContractWithCustomerExcludingAssessedTax","2023","Q2","10-Q","2023-05-01","2023-07-30","90","42916000000","2023-08-22","0000354950-23-000185",""
"HD","The Home Depot, Inc.","RevenueFromContractWithCustomerExcludingAssessedTax","2024","Q2","10-Q","2023-05-01","2023-07-30","90","42916000000","2024-08-20","0000354950-24-000201","CY2023Q2"
"HD","The Home Depot, Inc.","RevenueFromContractWithCustomerExcludingAssessedTax","2023","Q3","10-Q","2023-01-30","2023-10-29","272","117883000000","2023-11-21","0000354950-23-000240",""
"HD","The Home Depot, Inc.","RevenueFromContractWithCustomerExcludingAssessedTax","2024","Q3","10-Q","2023-01-30","2023-10-29","272","117883000000","2024-11-19","0000354950-24-000240",""
"HD","The Home Depot, Inc.","RevenueFromContractWithCustomerExcludingAssessedTax","2023","Q3","10-Q","2023-07-31","2023-10-29","90","37710000000","2023-11-21","0000354950-23-000240",""
"HD","The Home Depot, Inc.","RevenueFromContractWithCustomerExcludingAssessedTax","2024","Q3","10-Q","2023-07-31","2023-10-29","90","37710000000","2024-11-19","0000354950-24-000240","CY2023Q3"
"HD","The Home Depot, Inc.","RevenueFromContractWithCustomerExcludingAssessedTax","2023","FY","10-K","2023-01-30","2024-01-28","363","152669000000","2024-03-13","0000354950-24-000062",""
"HD","The Home Depot, Inc.","RevenueFromContractWithCustomerExcludingAssessedTax","2024","FY","10-K","2023-01-30","2024-01-28","363","152669000000","2025-03-21","0000354950-25-000085",""
"HD","The Home Depot, Inc.","RevenueFromContractWithCustomerExcludingAssessedTax","2025","FY","10-K","2023-01-30","2024-01-28","363","152669000000","2026-03-18","0001628280-26-019436","CY2023"
"HD","The Home Depot, Inc.","RevenueFromContractWithCustomerExcludingAssessedTax","2024","Q1","10-Q","2024-01-29","2024-04-28","90","36418000000","2024-05-21","0000354950-24-000152",""
"HD","The Home Depot, Inc.","RevenueFromContractWithCustomerExcludingAssessedTax","2025","Q1","10-Q","2024-01-29","2024-04-28","90","36418000000","2025-05-28","0000354950-25-000165","CY2024Q1"
"HD","The Home Depot, Inc.","RevenueFromContractWithCustomerExcludingAssessedTax","2024","Q2","10-Q","2024-01-29","2024-07-28","181","79593000000","2024-08-20","0000354950-24-000201",""
"HD","The Home Depot, Inc.","RevenueFromContractWithCustomerExcludingAssessedTax","2025","Q2","10-Q","2024-01-29","2024-07-28","181","79593000000","2025-08-26","0000354950-25-000217",""
"HD","The Home Depot, Inc.","RevenueFromContractWithCustomerExcludingAssessedTax","2024","Q2","10-Q","2024-04-29","2024-07-28","90","43175000000","2024-08-20","0000354950-24-000201",""
"HD","The Home Depot, Inc.","RevenueFromContractWithCustomerExcludingAssessedTax","2025","Q2","10-Q","2024-04-29","2024-07-28","90","43175000000","2025-08-26","0000354950-25-000217","CY2024Q2"
"HD","The Home Depot, Inc.","RevenueFromContractWithCustomerExcludingAssessedTax","2024","Q3","10-Q","2024-01-29","2024-10-27","272","119810000000","2024-11-19","0000354950-24-000240",""
"HD","The Home Depot, Inc.","RevenueFromContractWithCustomerExcludingAssessedTax","2025","Q3","10-Q","2024-01-29","2024-10-27","272","119810000000","2025-11-25","0001628280-25-053868",""
"HD","The Home Depot, Inc.","RevenueFromContractWithCustomerExcludingAssessedTax","2024","Q3","10-Q","2024-07-29","2024-10-27","90","40217000000","2024-11-19","0000354950-24-000240",""
"HD","The Home Depot, Inc.","RevenueFromContractWithCustomerExcludingAssessedTax","2025","Q3","10-Q","2024-07-29","2024-10-27","90","40217000000","2025-11-25","0001628280-25-053868","CY2024Q3"
"HD","The Home Depot, Inc.","RevenueFromContractWithCustomerExcludingAssessedTax","2024","FY","10-K","2024-01-29","2025-02-02","370","159514000000","2025-03-21","0000354950-25-000085",""
"HD","The Home Depot, Inc.","RevenueFromContractWithCustomerExcludingAssessedTax","2025","FY","10-K","2024-01-29","2025-02-02","370","159514000000","2026-03-18","0001628280-26-019436","CY2024"
"HD","The Home Depot, Inc.","RevenueFromContractWithCustomerExcludingAssessedTax","2025","Q1","10-Q","2025-02-03","2025-05-04","90","39856000000","2025-05-28","0000354950-25-000165",""
"HD","The Home Depot, Inc.","RevenueFromContractWithCustomerExcludingAssessedTax","2026","Q1","10-Q","2025-02-03","2025-05-04","90","39856000000","2026-05-27","0001628280-26-038247","CY2025Q1"
"HD","The Home Depot, Inc.","RevenueFromContractWithCustomerExcludingAssessedTax","2025","Q2","10-Q","2025-02-03","2025-08-03","181","85133000000","2025-08-26","0000354950-25-000217",""
"HD","The Home Depot, Inc.","RevenueFromContractWithCustomerExcludingAssessedTax","2026","Q2","10-Q","2025-02-03","2025-08-03","181","85133000000","2026-08-25","0001628280-26-058715",""
"HD","The Home Depot, Inc.","RevenueFromContractWithCustomerExcludingAssessedTax","2025","Q2","10-Q","2025-05-05","2025-08-03","90","45277000000","2025-08-26","0000354950-25-000217",""
"HD","The Home Depot, Inc.","RevenueFromContractWithCustomerExcludingAssessedTax","2026","Q2","10-Q","2025-05-05","2025-08-03","90","45277000000","2026-08-25","0001628280-26-058715","CY2025Q2"
"HD","The Home Depot, Inc.","RevenueFromContractWithCustomerExcludingAssessedTax","2025","Q3","10-Q","2025-02-03","2025-11-02","272","126485000000","2025-11-25","0001628280-25-053868",""
"HD","The Home Depot, Inc.","RevenueFromContractWithCustomerExcludingAssessedTax","2025","Q3","10-Q","2025-08-04","2025-11-02","90","41352000000","2025-11-25","0001628280-25-053868","CY2025Q3"
"HD","The Home Depot, Inc.","RevenueFromContractWithCustomerExcludingAssessedTax","2025","FY","10-K","2025-02-03","2026-02-01","363","164683000000","2026-03-18","0001628280-26-019436","CY2025"
"HD","The Home Depot, Inc.","RevenueFromContractWithCustomerExcludingAssessedTax","2026","Q1","10-Q","2026-02-02","2026-05-03","90","41765000000","2026-05-27","0001628280-26-038247","CY2026Q1"
"HD","The Home Depot, Inc.","RevenueFromContractWithCustomerExcludingAssessedTax","2026","Q2","10-Q","2026-02-02","2026-08-02","181","89626000000","2026-08-25","0001628280-26-058715",""
"HD","The Home Depot, Inc.","RevenueFromContractWithCustomerExcludingAssessedTax","2026","Q2","10-Q","2026-05-04","2026-08-02","90","47861000000","2026-08-25","0001628280-26-058715","CY2026Q2"
"HD","The Home Depot, Inc.","CostOfRevenue","2020","FY","10-K","2018-01-29","2019-02-03","370","71043000000","2021-03-24","0000354950-21-000089","CY2018"
"HD","The Home Depot, Inc.","CostOfRevenue","2020","Q1","10-Q","2019-02-04","2019-05-05","90","17364000000","2020-05-27","0000354950-20-000041","CY2019Q1"
"HD","The Home Depot, Inc.","CostOfRevenue","2020","Q2","10-Q","2019-02-04","2019-08-04","181","37771000000","2020-08-25","0000354950-20-000068",""
"HD","The Home Depot, Inc.","CostOfRevenue","2020","Q2","10-Q","2019-05-06","2019-08-04","90","20407000000","2020-08-25","0000354950-20-000068","CY2019Q2"
"HD","The Home Depot, Inc.","CostOfRevenue","2020","Q3","10-Q","2019-02-04","2019-11-03","272","55607000000","2020-11-24","0000354950-20-000103",""
"HD","The Home Depot, Inc.","CostOfRevenue","2020","Q3","10-Q","2019-08-05","2019-11-03","90","17836000000","2020-11-24","0000354950-20-000103","CY2019Q3"
"HD","The Home Depot, Inc.","CostOfRevenue","2020","FY","10-K","2019-02-04","2020-02-02","363","72653000000","2021-03-24","0000354950-21-000089",""
"HD","The Home Depot, Inc.","CostOfRevenue","2021","FY","10-K","2019-02-04","2020-02-02","363","72653000000","2022-03-23","0000354950-22-000070","CY2019"
"HD","The Home Depot, Inc.","CostOfRevenue","2020","Q1","10-Q","2020-02-03","2020-05-03","90","18635000000","2020-05-27","0000354950-20-000041",""
"HD","The Home Depot, Inc.","CostOfRevenue","2021","Q1","10-Q","2020-02-03","2020-05-03","90","18635000000","2021-05-25","0000354950-21-000147","CY2020Q1"
"HD","The Home Depot, Inc.","CostOfRevenue","2020","Q2","10-Q","2020-02-03","2020-08-02","181","43747000000","2020-08-25","0000354950-20-000068",""
"HD","The Home Depot, Inc.","CostOfRevenue","2021","Q2","10-Q","2020-02-03","2020-08-02","181","43747000000","2021-08-24","0000354950-21-000189",""
"HD","The Home Depot, Inc.","CostOfRevenue","2020","Q2","10-Q","2020-05-04","2020-08-02","90","25112000000","2020-08-25","0000354950-20-000068",""
"HD","The Home Depot, Inc.","CostOfRevenue","2021","Q2","10-Q","2020-05-04","2020-08-02","90","25112000000","2021-08-24","0000354950-21-000189","CY2020Q2"
"HD","The Home Depot, Inc.","CostOfRevenue","2020","Q3","10-Q","2020-02-03","2020-11-01","272","65827000000","2020-11-24","0000354950-20-000103",""
"HD","The Home Depot, Inc.","CostOfRevenue","2021","Q3","10-Q","2020-02-03","2020-11-01","272","65827000000","2021-11-23","0000354950-21-000234",""
"HD","The Home Depot, Inc.","CostOfRevenue","2020","Q3","10-Q","2020-08-03","2020-11-01","90","22080000000","2020-11-24","0000354950-20-000103",""
"HD","The Home Depot, Inc.","CostOfRevenue","2021","Q3","10-Q","2020-08-03","2020-11-01","90","22080000000","2021-11-23","0000354950-21-000234","CY2020Q3"
"HD","The Home Depot, Inc.","CostOfRevenue","2020","FY","10-K","2020-02-03","2021-01-31","363","87257000000","2021-03-24","0000354950-21-000089",""
"HD","The Home Depot, Inc.","CostOfRevenue","2021","FY","10-K","2020-02-03","2021-01-31","363","87257000000","2022-03-23","0000354950-22-000070",""
"HD","The Home Depot, Inc.","CostOfRevenue","2022","FY","10-K","2020-02-03","2021-01-31","363","87257000000","2023-03-15","0000354950-23-000059","CY2020"
"HD","The Home Depot, Inc.","CostOfRevenue","2021","Q1","10-Q","2021-02-01","2021-05-02","90","24758000000","2021-05-25","0000354950-21-000147",""
"HD","The Home Depot, Inc.","CostOfRevenue","2022","Q1","10-Q","2021-02-01","2021-05-02","90","24758000000","2022-05-24","0000354950-22-000158","CY2021Q1"
"HD","The Home Depot, Inc.","CostOfRevenue","2021","Q2","10-Q","2021-02-01","2021-08-01","181","52211000000","2021-08-24","0000354950-21-000189",""
"HD","The Home Depot, Inc.","CostOfRevenue","2022","Q2","10-Q","2021-02-01","2021-08-01","181","52211000000","2022-08-23","0000354950-22-000193",""
"HD","The Home Depot, Inc.","CostOfRevenue","2021","Q2","10-Q","2021-05-03","2021-08-01","90","27453000000","2021-08-24","0000354950-21-000189",""
"HD","The Home Depot, Inc.","CostOfRevenue","2022","Q2","10-Q","2021-05-03","2021-08-01","90","27453000000","2022-08-23","0000354950-22-000193","CY2021Q2"
"HD","The Home Depot, Inc.","CostOfRevenue","2021","Q3","10-Q","2021-02-01","2021-10-31","272","76468000000","2021-11-23","0000354950-21-000234",""
"HD","The Home Depot, Inc.","CostOfRevenue","2022","Q3","10-Q","2021-02-01","2021-10-31","272","76468000000","2022-11-22","0000354950-22-000239",""
"HD","The Home Depot, Inc.","CostOfRevenue","2021","Q3","10-Q","2021-08-02","2021-10-31","90","24257000000","2021-11-23","0000354950-21-000234",""
"HD","The Home Depot, Inc.","CostOfRevenue","2022","Q3","10-Q","2021-08-02","2021-10-31","90","24257000000","2022-11-22","0000354950-22-000239","CY2021Q3"
"HD","The Home Depot, Inc.","CostOfRevenue","2021","FY","10-K","2021-02-01","2022-01-30","363","100325000000","2022-03-23","0000354950-22-000070",""
"HD","The Home Depot, Inc.","CostOfRevenue","2022","FY","10-K","2021-02-01","2022-01-30","363","100325000000","2023-03-15","0000354950-23-000059",""
"HD","The Home Depot, Inc.","CostOfRevenue","2023","FY","10-K","2021-02-01","2022-01-30","363","100325000000","2024-03-13","0000354950-24-000062","CY2021"
"HD","The Home Depot, Inc.","CostOfRevenue","2022","Q1","10-Q","2022-01-31","2022-05-01","90","25763000000","2022-05-24","0000354950-22-000158",""
"HD","The Home Depot, Inc.","CostOfRevenue","2023","Q1","10-Q","2022-01-31","2022-05-01","90","25763000000","2023-05-23","0000354950-23-000144","CY2022Q1"
"HD","The Home Depot, Inc.","CostOfRevenue","2022","Q2","10-Q","2022-01-31","2022-07-31","181","55072000000","2022-08-23","0000354950-22-000193",""
"HD","The Home Depot, Inc.","CostOfRevenue","2023","Q2","10-Q","2022-01-31","2022-07-31","181","55072000000","2023-08-22","0000354950-23-000185",""
"HD","The Home Depot, Inc.","CostOfRevenue","2022","Q2","10-Q","2022-05-02","2022-07-31","90","29309000000","2022-08-23","0000354950-22-000193",""
"HD","The Home Depot, Inc.","CostOfRevenue","2023","Q2","10-Q","2022-05-02","2022-07-31","90","29309000000","2023-08-22","0000354950-23-000185","CY2022Q2"
"HD","The Home Depot, Inc.","CostOfRevenue","2022","Q3","10-Q","2022-01-31","2022-10-30","272","80720000000","2022-11-22","0000354950-22-000239",""
"HD","The Home Depot, Inc.","CostOfRevenue","2023","Q3","10-Q","2022-01-31","2022-10-30","272","80720000000","2023-11-21","0000354950-23-000240",""
"HD","The Home Depot, Inc.","CostOfRevenue","2022","Q3","10-Q","2022-08-01","2022-10-30","90","25648000000","2022-11-22","0000354950-22-000239",""
"HD","The Home Depot, Inc.","CostOfRevenue","2023","Q3","10-Q","2022-08-01","2022-10-30","90","25648000000","2023-11-21","0000354950-23-000240","CY2022Q3"
"HD","The Home Depot, Inc.","CostOfRevenue","2022","FY","10-K","2022-01-31","2023-01-29","363","104625000000","2023-03-15","0000354950-23-000059",""
"HD","The Home Depot, Inc.","CostOfRevenue","2023","FY","10-K","2022-01-31","2023-01-29","363","104625000000","2024-03-13","0000354950-24-000062",""
"HD","The Home Depot, Inc.","CostOfRevenue","2024","FY","10-K","2022-01-31","2023-01-29","363","104625000000","2025-03-21","0000354950-25-000085","CY2022"
"HD","The Home Depot, Inc.","CostOfRevenue","2023","Q1","10-Q","2023-01-30","2023-04-30","90","24700000000","2023-05-23","0000354950-23-000144",""
"HD","The Home Depot, Inc.","CostOfRevenue","2024","Q1","10-Q","2023-01-30","2023-04-30","90","24700000000","2024-05-21","0000354950-24-000152","CY2023Q1"
"HD","The Home Depot, Inc.","CostOfRevenue","2023","Q2","10-Q","2023-01-30","2023-07-30","181","53459000000","2023-08-22","0000354950-23-000185",""
"HD","The Home Depot, Inc.","CostOfRevenue","2024","Q2","10-Q","2023-01-30","2023-07-30","181","53459000000","2024-08-20","0000354950-24-000201",""
"HD","The Home Depot, Inc.","CostOfRevenue","2023","Q2","10-Q","2023-05-01","2023-07-30","90","28759000000","2023-08-22","0000354950-23-000185",""
"HD","The Home Depot, Inc.","CostOfRevenue","2024","Q2","10-Q","2023-05-01","2023-07-30","90","28759000000","2024-08-20","0000354950-24-000201","CY2023Q2"
"HD","The Home Depot, Inc.","CostOfRevenue","2023","Q3","10-Q","2023-01-30","2023-10-29","272","78431000000","2023-11-21","0000354950-23-000240",""
"HD","The Home Depot, Inc.","CostOfRevenue","2024","Q3","10-Q","2023-01-30","2023-10-29","272","78431000000","2024-11-19","0000354950-24-000240",""
"HD","The Home Depot, Inc.","CostOfRevenue","2023","Q3","10-Q","2023-07-31","2023-10-29","90","24972000000","2023-11-21","0000354950-23-000240",""
"HD","The Home Depot, Inc.","CostOfRevenue","2024","Q3","10-Q","2023-07-31","2023-10-29","90","24972000000","2024-11-19","0000354950-24-000240","CY2023Q3"
"HD","The Home Depot, Inc.","CostOfRevenue","2023","FY","10-K","2023-01-30","2024-01-28","363","101709000000","2024-03-13","0000354950-24-000062",""
"HD","The Home Depot, Inc.","CostOfRevenue","2024","FY","10-K","2023-01-30","2024-01-28","363","101709000000","2025-03-21","0000354950-25-000085",""
"HD","The Home Depot, Inc.","CostOfRevenue","2025","FY","10-K","2023-01-30","2024-01-28","363","101709000000","2026-03-18","0001628280-26-019436","CY2023"
"HD","The Home Depot, Inc.","CostOfRevenue","2024","Q1","10-Q","2024-01-29","2024-04-28","90","23985000000","2024-05-21","0000354950-24-000152",""
"HD","The Home Depot, Inc.","CostOfRevenue","2025","Q1","10-Q","2024-01-29","2024-04-28","90","23985000000","2025-05-28","0000354950-25-000165","CY2024Q1"
"HD","The Home Depot, Inc.","CostOfRevenue","2024","Q2","10-Q","2024-01-29","2024-07-28","181","52744000000","2024-08-20","0000354950-24-000201",""
"HD","The Home Depot, Inc.","CostOfRevenue","2025","Q2","10-Q","2024-01-29","2024-07-28","181","52744000000","2025-08-26","0000354950-25-000217",""
"HD","The Home Depot, Inc.","CostOfRevenue","2024","Q2","10-Q","2024-04-29","2024-07-28","90","28759000000","2024-08-20","0000354950-24-000201",""
"HD","The Home Depot, Inc.","CostOfRevenue","2025","Q2","10-Q","2024-04-29","2024-07-28","90","28759000000","2025-08-26","0000354950-25-000217","CY2024Q2"
"HD","The Home Depot, Inc.","CostOfRevenue","2024","Q3","10-Q","2024-01-29","2024-10-27","272","79536000000","2024-11-19","0000354950-24-000240",""
"HD","The Home Depot, Inc.","CostOfRevenue","2025","Q3","10-Q","2024-01-29","2024-10-27","272","79536000000","2025-11-25","0001628280-25-053868",""
"HD","The Home Depot, Inc.","CostOfRevenue","2024","Q3","10-Q","2024-07-29","2024-10-27","90","26792000000","2024-11-19","0000354950-24-000240",""
"HD","The Home Depot, Inc.","CostOfRevenue","2025","Q3","10-Q","2024-07-29","2024-10-27","90","26792000000","2025-11-25","0001628280-25-053868","CY2024Q3"
"HD","The Home Depot, Inc.","CostOfRevenue","2024","FY","10-K","2024-01-29","2025-02-02","370","106206000000","2025-03-21","0000354950-25-000085",""
"HD","The Home Depot, Inc.","CostOfRevenue","2025","FY","10-K","2024-01-29","2025-02-02","370","106206000000","2026-03-18","0001628280-26-019436","CY2024"
"HD","The Home Depot, Inc.","CostOfRevenue","2025","Q1","10-Q","2025-02-03","2025-05-04","90","26397000000","2025-05-28","0000354950-25-000165",""
"HD","The Home Depot, Inc.","CostOfRevenue","2026","Q1","10-Q","2025-02-03","2025-05-04","90","26397000000","2026-05-27","0001628280-26-038247","CY2025Q1"
"HD","The Home Depot, Inc.","CostOfRevenue","2025","Q2","10-Q","2025-02-03","2025-08-03","181","56549000000","2025-08-26","0000354950-25-000217",""
"HD","The Home Depot, Inc.","CostOfRevenue","2026","Q2","10-Q","2025-02-03","2025-08-03","181","56549000000","2026-08-25","0001628280-26-058715",""
"HD","The Home Depot, Inc.","CostOfRevenue","2025","Q2","10-Q","2025-05-05","2025-08-03","90","30152000000","2025-08-26","0000354950-25-000217",""
"HD","The Home Depot, Inc.","CostOfRevenue","2026","Q2","10-Q","2025-05-05","2025-08-03","90","30152000000","2026-08-25","0001628280-26-058715","CY2025Q2"
"HD","The Home Depot, Inc.","CostOfRevenue","2025","Q3","10-Q","2025-02-03","2025-11-02","272","84086000000","2025-11-25","0001628280-25-053868",""
"HD","The Home Depot, Inc.","CostOfRevenue","2025","Q3","10-Q","2025-08-04","2025-11-02","90","27537000000","2025-11-25","0001628280-25-053868","CY2025Q3"
"HD","The Home Depot, Inc.","CostOfRevenue","2025","FY","10-K","2025-02-03","2026-02-01","363","109818000000","2026-03-18","0001628280-26-019436","CY2025"
"HD","The Home Depot, Inc.","CostOfRevenue","2026","Q1","10-Q","2026-02-02","2026-05-03","90","27984000000","2026-05-27","0001628280-26-038247","CY2026Q1"
"HD","The Home Depot, Inc.","CostOfRevenue","2026","Q2","10-Q","2026-02-02","2026-08-02","181","59730000000","2026-08-25","0001628280-26-058715",""
"HD","The Home Depot, Inc.","CostOfRevenue","2026","Q2","10-Q","2026-05-04","2026-08-02","90","31746000000","2026-08-25","0001628280-26-058715","CY2026Q2"
"HD","The Home Depot, Inc.","GrossProfit","2020","FY","10-K","2018-01-29","2019-02-03","370","37160000000","2021-03-24","0000354950-21-000089","CY2018"
"HD","The Home Depot, Inc.","GrossProfit","2020","Q1","10-Q","2019-02-04","2019-05-05","90","9017000000","2020-05-27","0000354950-20-000041","CY2019Q1"
"HD","The Home Depot, Inc.","GrossProfit","2020","Q2","10-Q","2019-02-04","2019-08-04","181","19449000000","2020-08-25","0000354950-20-000068",""
"HD","The Home Depot, Inc.","GrossProfit","2020","Q2","10-Q","2019-05-06","2019-08-04","90","10432000000","2020-08-25","0000354950-20-000068","CY2019Q2"
"HD","The Home Depot, Inc.","GrossProfit","2020","Q3","10-Q","2019-02-04","2019-11-03","272","28836000000","2020-11-24","0000354950-20-000103",""
"HD","The Home Depot, Inc.","GrossProfit","2020","Q3","10-Q","2019-08-05","2019-11-03","90","9387000000","2020-11-24","0000354950-20-000103","CY2019Q3"
"HD","The Home Depot, Inc.","GrossProfit","2020","FY","10-K","2019-02-04","2020-02-02","363","37572000000","2021-03-24","0000354950-21-000089",""
"HD","The Home Depot, Inc.","GrossProfit","2021","FY","10-K","2019-02-04","2020-02-02","363","37572000000","2022-03-23","0000354950-22-000070","CY2019"
"HD","The Home Depot, Inc.","GrossProfit","2020","Q1","10-Q","2020-02-03","2020-05-03","90","9625000000","2020-05-27","0000354950-20-000041",""
"HD","The Home Depot, Inc.","GrossProfit","2021","Q1","10-Q","2020-02-03","2020-05-03","90","9625000000","2021-05-25","0000354950-21-000147","CY2020Q1"
"HD","The Home Depot, Inc.","GrossProfit","2020","Q2","10-Q","2020-02-03","2020-08-02","181","22566000000","2020-08-25","0000354950-20-000068",""
"HD","The Home Depot, Inc.","GrossProfit","2021","Q2","10-Q","2020-02-03","2020-08-02","181","22566000000","2021-08-24","0000354950-21-000189",""
"HD","The Home Depot, Inc.","GrossProfit","2020","Q2","10-Q","2020-05-04","2020-08-02","90","12941000000","2020-08-25","0000354950-20-000068",""
"HD","The Home Depot, Inc.","GrossProfit","2021","Q2","10-Q","2020-05-04","2020-08-02","90","12941000000","2021-08-24","0000354950-21-000189","CY2020Q2"
"HD","The Home Depot, Inc.","GrossProfit","2020","Q3","10-Q","2020-02-03","2020-11-01","272","34022000000","2020-11-24","0000354950-20-000103",""
"HD","The Home Depot, Inc.","GrossProfit","2021","Q3","10-Q","2020-02-03","2020-11-01","272","34022000000","2021-11-23","0000354950-21-000234",""
"HD","The Home Depot, Inc.","GrossProfit","2020","Q3","10-Q","2020-08-03","2020-11-01","90","11456000000","2020-11-24","0000354950-20-000103",""
"HD","The Home Depot, Inc.","GrossProfit","2021","Q3","10-Q","2020-08-03","2020-11-01","90","11456000000","2021-11-23","0000354950-21-000234","CY2020Q3"
"HD","The Home Depot, Inc.","GrossProfit","2020","FY","10-K","2020-02-03","2021-01-31","363","44853000000","2021-03-24","0000354950-21-000089",""
"HD","The Home Depot, Inc.","GrossProfit","2021","FY","10-K","2020-02-03","2021-01-31","363","44853000000","2022-03-23","0000354950-22-000070",""
"HD","The Home Depot, Inc.","GrossProfit","2022","FY","10-K","2020-02-03","2021-01-31","363","44853000000","2023-03-15","0000354950-23-000059","CY2020"
"HD","The Home Depot, Inc.","GrossProfit","2021","Q1","10-Q","2021-02-01","2021-05-02","90","12742000000","2021-05-25","0000354950-21-000147",""
"HD","The Home Depot, Inc.","GrossProfit","2022","Q1","10-Q","2021-02-01","2021-05-02","90","12742000000","2022-05-24","0000354950-22-000158","CY2021Q1"
"HD","The Home Depot, Inc.","GrossProfit","2021","Q2","10-Q","2021-02-01","2021-08-01","181","26407000000","2021-08-24","0000354950-21-000189",""
"HD","The Home Depot, Inc.","GrossProfit","2022","Q2","10-Q","2021-02-01","2021-08-01","181","26407000000","2022-08-23","0000354950-22-000193",""
"HD","The Home Depot, Inc.","GrossProfit","2021","Q2","10-Q","2021-05-03","2021-08-01","90","13665000000","2021-08-24","0000354950-21-000189",""
"HD","The Home Depot, Inc.","GrossProfit","2022","Q2","10-Q","2021-05-03","2021-08-01","90","13665000000","2022-08-23","0000354950-22-000193","CY2021Q2"
"HD","The Home Depot, Inc.","GrossProfit","2021","Q3","10-Q","2021-02-01","2021-10-31","272","38970000000","2021-11-23","0000354950-21-000234",""
"HD","The Home Depot, Inc.","GrossProfit","2022","Q3","10-Q","2021-02-01","2021-10-31","272","38970000000","2022-11-22","0000354950-22-000239",""
"HD","The Home Depot, Inc.","GrossProfit","2021","Q3","10-Q","2021-08-02","2021-10-31","90","12563000000","2021-11-23","0000354950-21-000234",""
"HD","The Home Depot, Inc.","GrossProfit","2022","Q3","10-Q","2021-08-02","2021-10-31","90","12563000000","2022-11-22","0000354950-22-000239","CY2021Q3"
"HD","The Home Depot, Inc.","GrossProfit","2021","FY","10-K","2021-02-01","2022-01-30","363","50832000000","2022-03-23","0000354950-22-000070",""
"HD","The Home Depot, Inc.","GrossProfit","2022","FY","10-K","2021-02-01","2022-01-30","363","50832000000","2023-03-15","0000354950-23-000059",""
"HD","The Home Depot, Inc.","GrossProfit","2023","FY","10-K","2021-02-01","2022-01-30","363","50832000000","2024-03-13","0000354950-24-000062","CY2021"
"HD","The Home Depot, Inc.","GrossProfit","2022","Q1","10-Q","2022-01-31","2022-05-01","90","13145000000","2022-05-24","0000354950-22-000158",""
"HD","The Home Depot, Inc.","GrossProfit","2023","Q1","10-Q","2022-01-31","2022-05-01","90","13145000000","2023-05-23","0000354950-23-000144","CY2022Q1"
"HD","The Home Depot, Inc.","GrossProfit","2022","Q2","10-Q","2022-01-31","2022-07-31","181","27628000000","2022-08-23","0000354950-22-000193",""
"HD","The Home Depot, Inc.","GrossProfit","2023","Q2","10-Q","2022-01-31","2022-07-31","181","27628000000","2023-08-22","0000354950-23-000185",""
"HD","The Home Depot, Inc.","GrossProfit","2022","Q2","10-Q","2022-05-02","2022-07-31","90","14483000000","2022-08-23","0000354950-22-000193",""
"HD","The Home Depot, Inc.","GrossProfit","2023","Q2","10-Q","2022-05-02","2022-07-31","90","14483000000","2023-08-22","0000354950-23-000185","CY2022Q2"
"HD","The Home Depot, Inc.","GrossProfit","2022","Q3","10-Q","2022-01-31","2022-10-30","272","40852000000","2022-11-22","0000354950-22-000239",""
"HD","The Home Depot, Inc.","GrossProfit","2023","Q3","10-Q","2022-01-31","2022-10-30","272","40852000000","2023-11-21","0000354950-23-000240",""
"HD","The Home Depot, Inc.","GrossProfit","2022","Q3","10-Q","2022-08-01","2022-10-30","90","13224000000","2022-11-22","0000354950-22-000239",""
"HD","The Home Depot, Inc.","GrossProfit","2023","Q3","10-Q","2022-08-01","2022-10-30","90","13224000000","2023-11-21","0000354950-23-000240","CY2022Q3"
"HD","The Home Depot, Inc.","GrossProfit","2022","FY","10-K","2022-01-31","2023-01-29","363","52778000000","2023-03-15","0000354950-23-000059",""
"HD","The Home Depot, Inc.","GrossProfit","2023","FY","10-K","2022-01-31","2023-01-29","363","52778000000","2024-03-13","0000354950-24-000062",""
"HD","The Home Depot, Inc.","GrossProfit","2024","FY","10-K","2022-01-31","2023-01-29","363","52778000000","2025-03-21","0000354950-25-000085","CY2022"
"HD","The Home Depot, Inc.","GrossProfit","2023","Q1","10-Q","2023-01-30","2023-04-30","90","12557000000","2023-05-23","0000354950-23-000144",""
"HD","The Home Depot, Inc.","GrossProfit","2024","Q1","10-Q","2023-01-30","2023-04-30","90","12557000000","2024-05-21","0000354950-24-000152","CY2023Q1"
"HD","The Home Depot, Inc.","GrossProfit","2023","Q2","10-Q","2023-01-30","2023-07-30","181","26714000000","2023-08-22","0000354950-23-000185",""
"HD","The Home Depot, Inc.","GrossProfit","2024","Q2","10-Q","2023-01-30","2023-07-30","181","26714000000","2024-08-20","0000354950-24-000201",""
"HD","The Home Depot, Inc.","GrossProfit","2023","Q2","10-Q","2023-05-01","2023-07-30","90","14157000000","2023-08-22","0000354950-23-000185",""
"HD","The Home Depot, Inc.","GrossProfit","2024","Q2","10-Q","2023-05-01","2023-07-30","90","14157000000","2024-08-20","0000354950-24-000201","CY2023Q2"
"HD","The Home Depot, Inc.","GrossProfit","2023","Q3","10-Q","2023-01-30","2023-10-29","272","39452000000","2023-11-21","0000354950-23-000240",""
"HD","The Home Depot, Inc.","GrossProfit","2024","Q3","10-Q","2023-01-30","2023-10-29","272","39452000000","2024-11-19","0000354950-24-000240",""
"HD","The Home Depot, Inc.","GrossProfit","2023","Q3","10-Q","2023-07-31","2023-10-29","90","12738000000","2023-11-21","0000354950-23-000240",""
"HD","The Home Depot, Inc.","GrossProfit","2024","Q3","10-Q","2023-07-31","2023-10-29","90","12738000000","2024-11-19","0000354950-24-000240","CY2023Q3"
"HD","The Home Depot, Inc.","GrossProfit","2023","FY","10-K","2023-01-30","2024-01-28","363","50960000000","2024-03-13","0000354950-24-000062",""
"HD","The Home Depot, Inc.","GrossProfit","2024","FY","10-K","2023-01-30","2024-01-28","363","50960000000","2025-03-21","0000354950-25-000085",""
"HD","The Home Depot, Inc.","GrossProfit","2025","FY","10-K","2023-01-30","2024-01-28","363","50960000000","2026-03-18","0001628280-26-019436","CY2023"
"HD","The Home Depot, Inc.","GrossProfit","2024","Q1","10-Q","2024-01-29","2024-04-28","90","12433000000","2024-05-21","0000354950-24-000152",""
"HD","The Home Depot, Inc.","GrossProfit","2025","Q1","10-Q","2024-01-29","2024-04-28","90","12433000000","2025-05-28","0000354950-25-000165","CY2024Q1"
"HD","The Home Depot, Inc.","GrossProfit","2024","Q2","10-Q","2024-01-29","2024-07-28","181","26849000000","2024-08-20","0000354950-24-000201",""
"HD","The Home Depot, Inc.","GrossProfit","2025","Q2","10-Q","2024-01-29","2024-07-28","181","26849000000","2025-08-26","0000354950-25-000217",""
"HD","The Home Depot, Inc.","GrossProfit","2024","Q2","10-Q","2024-04-29","2024-07-28","90","14416000000","2024-08-20","0000354950-24-000201",""
"HD","The Home Depot, Inc.","GrossProfit","2025","Q2","10-Q","2024-04-29","2024-07-28","90","14416000000","2025-08-26","0000354950-25-000217","CY2024Q2"
"HD","The Home Depot, Inc.","GrossProfit","2024","Q3","10-Q","2024-01-29","2024-10-27","272","40274000000","2024-11-19","0000354950-24-000240",""
"HD","The Home Depot, Inc.","GrossProfit","2025","Q3","10-Q","2024-01-29","2024-10-27","272","40274000000","2025-11-25","0001628280-25-053868",""
"HD","The Home Depot, Inc.","GrossProfit","2024","Q3","10-Q","2024-07-29","2024-10-27","90","13425000000","2024-11-19","0000354950-24-000240",""
"HD","The Home Depot, Inc.","GrossProfit","2025","Q3","10-Q","2024-07-29","2024-10-27","90","13425000000","2025-11-25","0001628280-25-053868","CY2024Q3"
"HD","The Home Depot, Inc.","GrossProfit","2024","FY","10-K","2024-01-29","2025-02-02","370","53308000000","2025-03-21","0000354950-25-000085",""
"HD","The Home Depot, Inc.","GrossProfit","2025","FY","10-K","2024-01-29","2025-02-02","370","53308000000","2026-03-18","0001628280-26-019436","CY2024"
"HD","The Home Depot, Inc.","GrossProfit","2025","Q1","10-Q","2025-02-03","2025-05-04","90","13459000000","2025-05-28","0000354950-25-000165",""
"HD","The Home Depot, Inc.","GrossProfit","2026","Q1","10-Q","2025-02-03","2025-05-04","90","13459000000","2026-05-27","0001628280-26-038247","CY2025Q1"
"HD","The Home Depot, Inc.","GrossProfit","2025","Q2","10-Q","2025-02-03","2025-08-03","181","28584000000","2025-08-26","0000354950-25-000217",""
"HD","The Home Depot, Inc.","GrossProfit","2026","Q2","10-Q","2025-02-03","2025-08-03","181","28584000000","2026-08-25","0001628280-26-058715",""
"HD","The Home Depot, Inc.","GrossProfit","2025","Q2","10-Q","2025-05-05","2025-08-03","90","15125000000","2025-08-26","0000354950-25-000217",""
"HD","The Home Depot, Inc.","GrossProfit","2026","Q2","10-Q","2025-05-05","2025-08-03","90","15125000000","2026-08-25","0001628280-26-058715","CY2025Q2"
"HD","The Home Depot, Inc.","GrossProfit","2025","Q3","10-Q","2025-02-03","2025-11-02","272","42399000000","2025-11-25","0001628280-25-053868",""
"HD","The Home Depot, Inc.","GrossProfit","2025","Q3","10-Q","2025-08-04","2025-11-02","90","13815000000","2025-11-25","0001628280-25-053868","CY2025Q3"
"HD","The Home Depot, Inc.","GrossProfit","2025","FY","10-K","2025-02-03","2026-02-01","363","54865000000","2026-03-18","0001628280-26-019436","CY2025"
"HD","The Home Depot, Inc.","GrossProfit","2026","Q1","10-Q","2026-02-02","2026-05-03","90","13781000000","2026-05-27","0001628280-26-038247","CY2026Q1"
"HD","The Home Depot, Inc.","GrossProfit","2026","Q2","10-Q","2026-02-02","2026-08-02","181","29896000000","2026-08-25","0001628280-26-058715",""
"HD","The Home Depot, Inc.","GrossProfit","2026","Q2","10-Q","2026-05-04","2026-08-02","90","16115000000","2026-08-25","0001628280-26-058715","CY2026Q2"
"HD","The Home Depot, Inc.","SellingGeneralAndAdministrativeExpense","2020","FY","10-K","2018-01-29","2019-02-03","370","19513000000","2021-03-24","0000354950-21-000089","CY2018"
"HD","The Home Depot, Inc.","SellingGeneralAndAdministrativeExpense","2020","Q1","10-Q","2019-02-04","2019-05-05","90","4940000000","2020-05-27","0000354950-20-000041","CY2019Q1"
"HD","The Home Depot, Inc.","SellingGeneralAndAdministrativeExpense","2020","Q2","10-Q","2019-02-04","2019-08-04","181","9984000000","2020-08-25","0000354950-20-000068",""
"HD","The Home Depot, Inc.","SellingGeneralAndAdministrativeExpense","2020","Q2","10-Q","2019-05-06","2019-08-04","90","5044000000","2020-08-25","0000354950-20-000068","CY2019Q2"
"HD","The Home Depot, Inc.","SellingGeneralAndAdministrativeExpense","2020","Q3","10-Q","2019-02-04","2019-11-03","272","14926000000","2020-11-24","0000354950-20-000103",""
"HD","The Home Depot, Inc.","SellingGeneralAndAdministrativeExpense","2020","Q3","10-Q","2019-08-05","2019-11-03","90","4942000000","2020-11-24","0000354950-20-000103","CY2019Q3"
"HD","The Home Depot, Inc.","SellingGeneralAndAdministrativeExpense","2020","FY","10-K","2019-02-04","2020-02-02","363","19740000000","2021-03-24","0000354950-21-000089",""
"HD","The Home Depot, Inc.","SellingGeneralAndAdministrativeExpense","2021","FY","10-K","2019-02-04","2020-02-02","363","19740000000","2022-03-23","0000354950-22-000070","CY2019"
"HD","The Home Depot, Inc.","SellingGeneralAndAdministrativeExpense","2020","Q1","10-Q","2020-02-03","2020-05-03","90","5829000000","2020-05-27","0000354950-20-000041",""
"HD","The Home Depot, Inc.","SellingGeneralAndAdministrativeExpense","2021","Q1","10-Q","2020-02-03","2020-05-03","90","5829000000","2021-05-25","0000354950-21-000147","CY2020Q1"
"HD","The Home Depot, Inc.","SellingGeneralAndAdministrativeExpense","2020","Q2","10-Q","2020-02-03","2020-08-02","181","12184000000","2020-08-25","0000354950-20-000068",""
"HD","The Home Depot, Inc.","SellingGeneralAndAdministrativeExpense","2021","Q2","10-Q","2020-02-03","2020-08-02","181","12184000000","2021-08-24","0000354950-21-000189",""
"HD","The Home Depot, Inc.","SellingGeneralAndAdministrativeExpense","2020","Q2","10-Q","2020-05-04","2020-08-02","90","6355000000","2020-08-25","0000354950-20-000068",""
"HD","The Home Depot, Inc.","SellingGeneralAndAdministrativeExpense","2021","Q2","10-Q","2020-05-04","2020-08-02","90","6355000000","2021-08-24","0000354950-21-000189","CY2020Q2"
"HD","The Home Depot, Inc.","SellingGeneralAndAdministrativeExpense","2020","Q3","10-Q","2020-02-03","2020-11-01","272","18260000000","2020-11-24","0000354950-20-000103",""
"HD","The Home Depot, Inc.","SellingGeneralAndAdministrativeExpense","2021","Q3","10-Q","2020-02-03","2020-11-01","272","18260000000","2021-11-23","0000354950-21-000234",""
"HD","The Home Depot, Inc.","SellingGeneralAndAdministrativeExpense","2020","Q3","10-Q","2020-08-03","2020-11-01","90","6076000000","2020-11-24","0000354950-20-000103",""
"HD","The Home Depot, Inc.","SellingGeneralAndAdministrativeExpense","2021","Q3","10-Q","2020-08-03","2020-11-01","90","6076000000","2021-11-23","0000354950-21-000234","CY2020Q3"
"HD","The Home Depot, Inc.","SellingGeneralAndAdministrativeExpense","2020","FY","10-K","2020-02-03","2021-01-31","363","24447000000","2021-03-24","0000354950-21-000089",""
"HD","The Home Depot, Inc.","SellingGeneralAndAdministrativeExpense","2021","FY","10-K","2020-02-03","2021-01-31","363","24447000000","2022-03-23","0000354950-22-000070",""
"HD","The Home Depot, Inc.","SellingGeneralAndAdministrativeExpense","2022","FY","10-K","2020-02-03","2021-01-31","363","24447000000","2023-03-15","0000354950-23-000059","CY2020"
"HD","The Home Depot, Inc.","SellingGeneralAndAdministrativeExpense","2021","Q1","10-Q","2021-02-01","2021-05-02","90","6374000000","2021-05-25","0000354950-21-000147",""
"HD","The Home Depot, Inc.","SellingGeneralAndAdministrativeExpense","2022","Q1","10-Q","2021-02-01","2021-05-02","90","6374000000","2022-05-24","0000354950-22-000158","CY2021Q1"
"HD","The Home Depot, Inc.","SellingGeneralAndAdministrativeExpense","2021","Q2","10-Q","2021-02-01","2021-08-01","181","12807000000","2021-08-24","0000354950-21-000189",""
"HD","The Home Depot, Inc.","SellingGeneralAndAdministrativeExpense","2022","Q2","10-Q","2021-02-01","2021-08-01","181","12807000000","2022-08-23","0000354950-22-000193",""
"HD","The Home Depot, Inc.","SellingGeneralAndAdministrativeExpense","2021","Q2","10-Q","2021-05-03","2021-08-01","90","6433000000","2021-08-24","0000354950-21-000189",""
"HD","The Home Depot, Inc.","SellingGeneralAndAdministrativeExpense","2022","Q2","10-Q","2021-05-03","2021-08-01","90","6433000000","2022-08-23","0000354950-22-000193","CY2021Q2"
"HD","The Home Depot, Inc.","SellingGeneralAndAdministrativeExpense","2021","Q3","10-Q","2021-02-01","2021-10-31","272","18975000000","2021-11-23","0000354950-21-000234",""
"HD","The Home Depot, Inc.","SellingGeneralAndAdministrativeExpense","2022","Q3","10-Q","2021-02-01","2021-10-31","272","18975000000","2022-11-22","0000354950-22-000239",""
"HD","The Home Depot, Inc.","SellingGeneralAndAdministrativeExpense","2021","Q3","10-Q","2021-08-02","2021-10-31","90","6168000000","2021-11-23","0000354950-21-000234",""
"HD","The Home Depot, Inc.","SellingGeneralAndAdministrativeExpense","2022","Q3","10-Q","2021-08-02","2021-10-31","90","6168000000","2022-11-22","0000354950-22-000239","CY2021Q3"
"HD","The Home Depot, Inc.","SellingGeneralAndAdministrativeExpense","2021","FY","10-K","2021-02-01","2022-01-30","363","25406000000","2022-03-23","0000354950-22-000070",""
"HD","The Home Depot, Inc.","SellingGeneralAndAdministrativeExpense","2022","FY","10-K","2021-02-01","2022-01-30","363","25406000000","2023-03-15","0000354950-23-000059",""
"HD","The Home Depot, Inc.","SellingGeneralAndAdministrativeExpense","2023","FY","10-K","2021-02-01","2022-01-30","363","25406000000","2024-03-13","0000354950-24-000062","CY2021"
"HD","The Home Depot, Inc.","SellingGeneralAndAdministrativeExpense","2022","Q1","10-Q","2022-01-31","2022-05-01","90","6610000000","2022-05-24","0000354950-22-000158",""
"HD","The Home Depot, Inc.","SellingGeneralAndAdministrativeExpense","2023","Q1","10-Q","2022-01-31","2022-05-01","90","6610000000","2023-05-23","0000354950-23-000144","CY2022Q1"
"HD","The Home Depot, Inc.","SellingGeneralAndAdministrativeExpense","2022","Q2","10-Q","2022-01-31","2022-07-31","181","13267000000","2022-08-23","0000354950-22-000193",""
"HD","The Home Depot, Inc.","SellingGeneralAndAdministrativeExpense","2023","Q2","10-Q","2022-01-31","2022-07-31","181","13267000000","2023-08-22","0000354950-23-000185",""
"HD","The Home Depot, Inc.","SellingGeneralAndAdministrativeExpense","2022","Q2","10-Q","2022-05-02","2022-07-31","90","6657000000","2022-08-23","0000354950-22-000193",""
"HD","The Home Depot, Inc.","SellingGeneralAndAdministrativeExpense","2023","Q2","10-Q","2022-05-02","2022-07-31","90","6657000000","2023-08-22","0000354950-23-000185","CY2022Q2"
"HD","The Home Depot, Inc.","SellingGeneralAndAdministrativeExpense","2022","Q3","10-Q","2022-01-31","2022-10-30","272","19735000000","2022-11-22","0000354950-22-000239",""
"HD","The Home Depot, Inc.","SellingGeneralAndAdministrativeExpense","2023","Q3","10-Q","2022-01-31","2022-10-30","272","19735000000","2023-11-21","0000354950-23-000240",""
"HD","The Home Depot, Inc.","SellingGeneralAndAdministrativeExpense","2022","Q3","10-Q","2022-08-01","2022-10-30","90","6468000000","2022-11-22","0000354950-22-000239",""
"HD","The Home Depot, Inc.","SellingGeneralAndAdministrativeExpense","2023","Q3","10-Q","2022-08-01","2022-10-30","90","6468000000","2023-11-21","0000354950-23-000240","CY2022Q3"
"HD","The Home Depot, Inc.","SellingGeneralAndAdministrativeExpense","2022","FY","10-K","2022-01-31","2023-01-29","363","26284000000","2023-03-15","0000354950-23-000059",""
"HD","The Home Depot, Inc.","SellingGeneralAndAdministrativeExpense","2023","FY","10-K","2022-01-31","2023-01-29","363","26284000000","2024-03-13","0000354950-24-000062",""
"HD","The Home Depot, Inc.","SellingGeneralAndAdministrativeExpense","2024","FY","10-K","2022-01-31","2023-01-29","363","26284000000","2025-03-21","0000354950-25-000085","CY2022"
"HD","The Home Depot, Inc.","SellingGeneralAndAdministrativeExpense","2023","Q1","10-Q","2023-01-30","2023-04-30","90","6355000000","2023-05-23","0000354950-23-000144",""
"HD","The Home Depot, Inc.","SellingGeneralAndAdministrativeExpense","2024","Q1","10-Q","2023-01-30","2023-04-30","90","6355000000","2024-05-21","0000354950-24-000152","CY2023Q1"
"HD","The Home Depot, Inc.","SellingGeneralAndAdministrativeExpense","2023","Q2","10-Q","2023-01-30","2023-07-30","181","13270000000","2023-08-22","0000354950-23-000185",""
"HD","The Home Depot, Inc.","SellingGeneralAndAdministrativeExpense","2024","Q2","10-Q","2023-01-30","2023-07-30","181","13270000000","2024-08-20","0000354950-24-000201",""
"HD","The Home Depot, Inc.","SellingGeneralAndAdministrativeExpense","2023","Q2","10-Q","2023-05-01","2023-07-30","90","6915000000","2023-08-22","0000354950-23-000185",""
"HD","The Home Depot, Inc.","SellingGeneralAndAdministrativeExpense","2024","Q2","10-Q","2023-05-01","2023-07-30","90","6915000000","2024-08-20","0000354950-24-000201","CY2023Q2"
"HD","The Home Depot, Inc.","SellingGeneralAndAdministrativeExpense","2023","Q3","10-Q","2023-01-30","2023-10-29","272","19919000000","2023-11-21","0000354950-23-000240",""
"HD","The Home Depot, Inc.","SellingGeneralAndAdministrativeExpense","2024","Q3","10-Q","2023-01-30","2023-10-29","272","19919000000","2024-11-19","0000354950-24-000240",""
"HD","The Home Depot, Inc.","SellingGeneralAndAdministrativeExpense","2023","Q3","10-Q","2023-07-31","2023-10-29","90","6649000000","2023-11-21","0000354950-23-000240",""
"HD","The Home Depot, Inc.","SellingGeneralAndAdministrativeExpense","2024","Q3","10-Q","2023-07-31","2023-10-29","90","6649000000","2024-11-19","0000354950-24-000240","CY2023Q3"
"HD","The Home Depot, Inc.","SellingGeneralAndAdministrativeExpense","2023","FY","10-K","2023-01-30","2024-01-28","363","26598000000","2024-03-13","0000354950-24-000062",""
"HD","The Home Depot, Inc.","SellingGeneralAndAdministrativeExpense","2024","FY","10-K","2023-01-30","2024-01-28","363","26598000000","2025-03-21","0000354950-25-000085",""
"HD","The Home Depot, Inc.","SellingGeneralAndAdministrativeExpense","2025","FY","10-K","2023-01-30","2024-01-28","363","26598000000","2026-03-18","0001628280-26-019436","CY2023"
"HD","The Home Depot, Inc.","SellingGeneralAndAdministrativeExpense","2024","Q1","10-Q","2024-01-29","2024-04-28","90","6667000000","2024-05-21","0000354950-24-000152",""
"HD","The Home Depot, Inc.","SellingGeneralAndAdministrativeExpense","2025","Q1","10-Q","2024-01-29","2024-04-28","90","6667000000","2025-05-28","0000354950-25-000165","CY2024Q1"
"HD","The Home Depot, Inc.","SellingGeneralAndAdministrativeExpense","2024","Q2","10-Q","2024-01-29","2024-07-28","181","13811000000","2024-08-20","0000354950-24-000201",""
"HD","The Home Depot, Inc.","SellingGeneralAndAdministrativeExpense","2025","Q2","10-Q","2024-01-29","2024-07-28","181","13811000000","2025-08-26","0000354950-25-000217",""
"HD","The Home Depot, Inc.","SellingGeneralAndAdministrativeExpense","2024","Q2","10-Q","2024-04-29","2024-07-28","90","7144000000","2024-08-20","0000354950-24-000201",""
"HD","The Home Depot, Inc.","SellingGeneralAndAdministrativeExpense","2025","Q2","10-Q","2024-04-29","2024-07-28","90","7144000000","2025-08-26","0000354950-25-000217","CY2024Q2"
"HD","The Home Depot, Inc.","SellingGeneralAndAdministrativeExpense","2024","Q3","10-Q","2024-01-29","2024-10-27","272","21023000000","2024-11-19","0000354950-24-000240",""
"HD","The Home Depot, Inc.","SellingGeneralAndAdministrativeExpense","2025","Q3","10-Q","2024-01-29","2024-10-27","272","21023000000","2025-11-25","0001628280-25-053868",""
"HD","The Home Depot, Inc.","SellingGeneralAndAdministrativeExpense","2024","Q3","10-Q","2024-07-29","2024-10-27","90","7212000000","2024-11-19","0000354950-24-000240",""
"HD","The Home Depot, Inc.","SellingGeneralAndAdministrativeExpense","2025","Q3","10-Q","2024-07-29","2024-10-27","90","7212000000","2025-11-25","0001628280-25-053868","CY2024Q3"
"HD","The Home Depot, Inc.","SellingGeneralAndAdministrativeExpense","2024","FY","10-K","2024-01-29","2025-02-02","370","28748000000","2025-03-21","0000354950-25-000085",""
"HD","The Home Depot, Inc.","SellingGeneralAndAdministrativeExpense","2025","FY","10-K","2024-01-29","2025-02-02","370","28748000000","2026-03-18","0001628280-26-019436","CY2024"
"HD","The Home Depot, Inc.","SellingGeneralAndAdministrativeExpense","2025","Q1","10-Q","2025-02-03","2025-05-04","90","7530000000","2025-05-28","0000354950-25-000165",""
"HD","The Home Depot, Inc.","SellingGeneralAndAdministrativeExpense","2026","Q1","10-Q","2025-02-03","2025-05-04","90","7530000000","2026-05-27","0001628280-26-038247","CY2025Q1"
"HD","The Home Depot, Inc.","SellingGeneralAndAdministrativeExpense","2025","Q2","10-Q","2025-02-03","2025-08-03","181","15294000000","2025-08-26","0000354950-25-000217",""
"HD","The Home Depot, Inc.","SellingGeneralAndAdministrativeExpense","2026","Q2","10-Q","2025-02-03","2025-08-03","181","15294000000","2026-08-25","0001628280-26-058715",""
"HD","The Home Depot, Inc.","SellingGeneralAndAdministrativeExpense","2025","Q2","10-Q","2025-05-05","2025-08-03","90","7764000000","2025-08-26","0000354950-25-000217",""
"HD","The Home Depot, Inc.","SellingGeneralAndAdministrativeExpense","2026","Q2","10-Q","2025-05-05","2025-08-03","90","7764000000","2026-08-25","0001628280-26-058715","CY2025Q2"
"HD","The Home Depot, Inc.","SellingGeneralAndAdministrativeExpense","2025","Q3","10-Q","2025-02-03","2025-11-02","272","22930000000","2025-11-25","0001628280-25-053868",""
"HD","The Home Depot, Inc.","SellingGeneralAndAdministrativeExpense","2025","Q3","10-Q","2025-08-04","2025-11-02","90","7636000000","2025-11-25","0001628280-25-053868","CY2025Q3"
"HD","The Home Depot, Inc.","SellingGeneralAndAdministrativeExpense","2025","FY","10-K","2025-02-03","2026-02-01","363","30702000000","2026-03-18","0001628280-26-019436","CY2025"
"HD","The Home Depot, Inc.","SellingGeneralAndAdministrativeExpense","2026","Q1","10-Q","2026-02-02","2026-05-03","90","7959000000","2026-05-27","0001628280-26-038247","CY2026Q1"
"HD","The Home Depot, Inc.","SellingGeneralAndAdministrativeExpense","2026","Q2","10-Q","2026-02-02","2026-08-02","181","16383000000","2026-08-25","0001628280-26-058715",""
"HD","The Home Depot, Inc.","SellingGeneralAndAdministrativeExpense","2026","Q2","10-Q","2026-05-04","2026-08-02","90","8424000000","2026-08-25","0001628280-26-058715","CY2026Q2"
"HD","The Home Depot, Inc.","DepreciationDepletionAndAmortization","2020","FY","10-K","2018-01-29","2019-02-03","370","2152000000","2021-03-24","0000354950-21-000089","CY2018"
"HD","The Home Depot, Inc.","DepreciationDepletionAndAmortization","2020","Q1","10-Q","2019-02-04","2019-05-05","90","547000000","2020-05-27","0000354950-20-000041","CY2019Q1"
"HD","The Home Depot, Inc.","DepreciationDepletionAndAmortization","2020","Q2","10-Q","2019-02-04","2019-08-04","181","1107000000","2020-08-25","0000354950-20-000068",""
"HD","The Home Depot, Inc.","DepreciationDepletionAndAmortization","2020","Q3","10-Q","2019-02-04","2019-11-03","272","1701000000","2020-11-24","0000354950-20-000103",""
"HD","The Home Depot, Inc.","DepreciationDepletionAndAmortization","2020","FY","10-K","2019-02-04","2020-02-02","363","2296000000","2021-03-24","0000354950-21-000089",""
"HD","The Home Depot, Inc.","DepreciationDepletionAndAmortization","2021","FY","10-K","2019-02-04","2020-02-02","363","2296000000","2022-03-23","0000354950-22-000070","CY2019"
"HD","The Home Depot, Inc.","DepreciationDepletionAndAmortization","2020","Q1","10-Q","2020-02-03","2020-05-03","90","607000000","2020-05-27","0000354950-20-000041",""
"HD","The Home Depot, Inc.","DepreciationDepletionAndAmortization","2021","Q1","10-Q","2020-02-03","2020-05-03","90","607000000","2021-05-25","0000354950-21-000147","CY2020Q1"
"HD","The Home Depot, Inc.","DepreciationDepletionAndAmortization","2020","Q2","10-Q","2020-02-03","2020-08-02","181","1222000000","2020-08-25","0000354950-20-000068",""
"HD","The Home Depot, Inc.","DepreciationDepletionAndAmortization","2021","Q2","10-Q","2020-02-03","2020-08-02","181","1222000000","2021-08-24","0000354950-21-000189",""
"HD","The Home Depot, Inc.","DepreciationDepletionAndAmortization","2020","Q3","10-Q","2020-02-03","2020-11-01","272","1853000000","2020-11-24","0000354950-20-000103",""
"HD","The Home Depot, Inc.","DepreciationDepletionAndAmortization","2021","Q3","10-Q","2020-02-03","2020-11-01","272","1853000000","2021-11-23","0000354950-21-000234",""
"HD","The Home Depot, Inc.","DepreciationDepletionAndAmortization","2020","FY","10-K","2020-02-03","2021-01-31","363","2519000000","2021-03-24","0000354950-21-000089",""
"HD","The Home Depot, Inc.","DepreciationDepletionAndAmortization","2021","FY","10-K","2020-02-03","2021-01-31","363","2519000000","2022-03-23","0000354950-22-000070",""
"HD","The Home Depot, Inc.","DepreciationDepletionAndAmortization","2022","FY","10-K","2020-02-03","2021-01-31","363","2519000000","2023-03-15","0000354950-23-000059","CY2020"
"HD","The Home Depot, Inc.","DepreciationDepletionAndAmortization","2021","Q1","10-Q","2021-02-01","2021-05-02","90","703000000","2021-05-25","0000354950-21-000147",""
"HD","The Home Depot, Inc.","DepreciationDepletionAndAmortization","2022","Q1","10-Q","2021-02-01","2021-05-02","90","703000000","2022-05-24","0000354950-22-000158","CY2021Q1"
"HD","The Home Depot, Inc.","DepreciationDepletionAndAmortization","2021","Q2","10-Q","2021-02-01","2021-08-01","181","1414000000","2021-08-24","0000354950-21-000189",""
"HD","The Home Depot, Inc.","DepreciationDepletionAndAmortization","2022","Q2","10-Q","2021-02-01","2021-08-01","181","1414000000","2022-08-23","0000354950-22-000193",""
"HD","The Home Depot, Inc.","DepreciationDepletionAndAmortization","2021","Q3","10-Q","2021-02-01","2021-10-31","272","2128000000","2021-11-23","0000354950-21-000234",""
"HD","The Home Depot, Inc.","DepreciationDepletionAndAmortization","2022","Q3","10-Q","2021-02-01","2021-10-31","272","2128000000","2022-11-22","0000354950-22-000239",""
"HD","The Home Depot, Inc.","DepreciationDepletionAndAmortization","2021","FY","10-K","2021-02-01","2022-01-30","363","2862000000","2022-03-23","0000354950-22-000070",""
"HD","The Home Depot, Inc.","DepreciationDepletionAndAmortization","2022","FY","10-K","2021-02-01","2022-01-30","363","2862000000","2023-03-15","0000354950-23-000059",""
"HD","The Home Depot, Inc.","DepreciationDepletionAndAmortization","2023","FY","10-K","2021-02-01","2022-01-30","363","2862000000","2024-03-13","0000354950-24-000062","CY2021"
"HD","The Home Depot, Inc.","DepreciationDepletionAndAmortization","2022","Q1","10-Q","2022-01-31","2022-05-01","90","727000000","2022-05-24","0000354950-22-000158",""
"HD","The Home Depot, Inc.","DepreciationDepletionAndAmortization","2023","Q1","10-Q","2022-01-31","2022-05-01","90","727000000","2023-05-23","0000354950-23-000144","CY2022Q1"
"HD","The Home Depot, Inc.","DepreciationDepletionAndAmortization","2022","Q2","10-Q","2022-01-31","2022-07-31","181","1473000000","2022-08-23","0000354950-22-000193",""
"HD","The Home Depot, Inc.","DepreciationDepletionAndAmortization","2023","Q2","10-Q","2022-01-31","2022-07-31","181","1473000000","2023-08-22","0000354950-23-000185",""
"HD","The Home Depot, Inc.","DepreciationDepletionAndAmortization","2022","Q3","10-Q","2022-01-31","2022-10-30","272","2216000000","2022-11-22","0000354950-22-000239",""
"HD","The Home Depot, Inc.","DepreciationDepletionAndAmortization","2023","Q3","10-Q","2022-01-31","2022-10-30","272","2216000000","2023-11-21","0000354950-23-000240",""
"HD","The Home Depot, Inc.","DepreciationDepletionAndAmortization","2022","FY","10-K","2022-01-31","2023-01-29","363","2975000000","2023-03-15","0000354950-23-000059",""
"HD","The Home Depot, Inc.","DepreciationDepletionAndAmortization","2023","FY","10-K","2022-01-31","2023-01-29","363","2975000000","2024-03-13","0000354950-24-000062",""
"HD","The Home Depot, Inc.","DepreciationDepletionAndAmortization","2024","FY","10-K","2022-01-31","2023-01-29","363","2796000000","2025-03-21","0000354950-25-000085","CY2022"
"HD","The Home Depot, Inc.","DepreciationDepletionAndAmortization","2023","Q1","10-Q","2023-01-30","2023-04-30","90","793000000","2023-05-23","0000354950-23-000144",""
"HD","The Home Depot, Inc.","DepreciationDepletionAndAmortization","2024","Q1","10-Q","2023-01-30","2023-04-30","90","793000000","2024-05-21","0000354950-24-000152","CY2023Q1"
"HD","The Home Depot, Inc.","DepreciationDepletionAndAmortization","2023","Q2","10-Q","2023-01-30","2023-07-30","181","1588000000","2023-08-22","0000354950-23-000185",""
"HD","The Home Depot, Inc.","DepreciationDepletionAndAmortization","2024","Q2","10-Q","2023-01-30","2023-07-30","181","1500000000","2024-08-20","0000354950-24-000201",""
"HD","The Home Depot, Inc.","DepreciationDepletionAndAmortization","2023","Q3","10-Q","2023-01-30","2023-10-29","272","2415000000","2023-11-21","0000354950-23-000240",""
"HD","The Home Depot, Inc.","DepreciationDepletionAndAmortization","2024","Q3","10-Q","2023-01-30","2023-10-29","272","2279000000","2024-11-19","0000354950-24-000240",""
"HD","The Home Depot, Inc.","DepreciationDepletionAndAmortization","2023","FY","10-K","2023-01-30","2024-01-28","363","3247000000","2024-03-13","0000354950-24-000062",""
"HD","The Home Depot, Inc.","DepreciationDepletionAndAmortization","2024","FY","10-K","2023-01-30","2024-01-28","363","3061000000","2025-03-21","0000354950-25-000085",""
"HD","The Home Depot, Inc.","DepreciationDepletionAndAmortization","2025","FY","10-K","2023-01-30","2024-01-28","363","3061000000","2026-03-18","0001628280-26-019436","CY2023"
"HD","The Home Depot, Inc.","DepreciationDepletionAndAmortization","2024","Q1","10-Q","2024-01-29","2024-04-28","90","837000000","2024-05-21","0000354950-24-000152",""
"HD","The Home Depot, Inc.","DepreciationDepletionAndAmortization","2025","Q1","10-Q","2024-01-29","2024-04-28","90","785000000","2025-05-28","0000354950-25-000165","CY2024Q1"
"HD","The Home Depot, Inc.","DepreciationDepletionAndAmortization","2024","Q2","10-Q","2024-01-29","2024-07-28","181","1615000000","2024-08-20","0000354950-24-000201",""
"HD","The Home Depot, Inc.","DepreciationDepletionAndAmortization","2025","Q2","10-Q","2024-01-29","2024-07-28","181","1615000000","2025-08-26","0000354950-25-000217",""
"HD","The Home Depot, Inc.","DepreciationDepletionAndAmortization","2024","Q3","10-Q","2024-01-29","2024-10-27","272","2472000000","2024-11-19","0000354950-24-000240",""
"HD","The Home Depot, Inc.","DepreciationDepletionAndAmortization","2025","Q3","10-Q","2024-01-29","2024-10-27","272","2472000000","2025-11-25","0001628280-25-053868",""
"HD","The Home Depot, Inc.","DepreciationDepletionAndAmortization","2024","FY","10-K","2024-01-29","2025-02-02","370","3336000000","2025-03-21","0000354950-25-000085",""
"HD","The Home Depot, Inc.","DepreciationDepletionAndAmortization","2025","FY","10-K","2024-01-29","2025-02-02","370","3336000000","2026-03-18","0001628280-26-019436","CY2024"
"HD","The Home Depot, Inc.","DepreciationDepletionAndAmortization","2025","Q1","10-Q","2025-02-03","2025-05-04","90","855000000","2025-05-28","0000354950-25-000165",""
"HD","The Home Depot, Inc.","DepreciationDepletionAndAmortization","2026","Q1","10-Q","2025-02-03","2025-05-04","90","855000000","2026-05-27","0001628280-26-038247","CY2025Q1"
"HD","The Home Depot, Inc.","DepreciationDepletionAndAmortization","2025","Q2","10-Q","2025-02-03","2025-08-03","181","1720000000","2025-08-26","0000354950-25-000217",""
"HD","The Home Depot, Inc.","DepreciationDepletionAndAmortization","2026","Q2","10-Q","2025-02-03","2025-08-03","181","1720000000","2026-08-25","0001628280-26-058715",""
"HD","The Home Depot, Inc.","DepreciationDepletionAndAmortization","2025","Q3","10-Q","2025-02-03","2025-11-02","272","2606000000","2025-11-25","0001628280-25-053868",""
"HD","The Home Depot, Inc.","DepreciationDepletionAndAmortization","2025","FY","10-K","2025-02-03","2026-02-01","363","3514000000","2026-03-18","0001628280-26-019436","CY2025"
"HD","The Home Depot, Inc.","DepreciationDepletionAndAmortization","2026","Q1","10-Q","2026-02-02","2026-05-03","90","910000000","2026-05-27","0001628280-26-038247","CY2026Q1"
"HD","The Home Depot, Inc.","DepreciationDepletionAndAmortization","2026","Q2","10-Q","2026-02-02","2026-08-02","181","1839000000","2026-08-25","0001628280-26-058715",""
"HD","The Home Depot, Inc.","DepreciationAndAmortization","2020","FY","10-K","2018-01-29","2019-02-03","370","1870000000","2021-03-24","0000354950-21-000089","CY2018"
"HD","The Home Depot, Inc.","DepreciationAndAmortization","2020","Q1","10-Q","2019-02-04","2019-05-05","90","480000000","2020-05-27","0000354950-20-000041","CY2019Q1"
"HD","The Home Depot, Inc.","DepreciationAndAmortization","2020","Q2","10-Q","2019-02-04","2019-08-04","181","972000000","2020-08-25","0000354950-20-000068",""
"HD","The Home Depot, Inc.","DepreciationAndAmortization","2020","Q2","10-Q","2019-05-06","2019-08-04","90","492000000","2020-08-25","0000354950-20-000068","CY2019Q2"
"HD","The Home Depot, Inc.","DepreciationAndAmortization","2020","Q3","10-Q","2019-02-04","2019-11-03","272","1470000000","2020-11-24","0000354950-20-000103",""
"HD","The Home Depot, Inc.","DepreciationAndAmortization","2020","Q3","10-Q","2019-08-05","2019-11-03","90","498000000","2020-11-24","0000354950-20-000103","CY2019Q3"
"HD","The Home Depot, Inc.","DepreciationAndAmortization","2020","FY","10-K","2019-02-04","2020-02-02","363","1989000000","2021-03-24","0000354950-21-000089",""
"HD","The Home Depot, Inc.","DepreciationAndAmortization","2021","FY","10-K","2019-02-04","2020-02-02","363","1989000000","2022-03-23","0000354950-22-000070","CY2019"
"HD","The Home Depot, Inc.","DepreciationAndAmortization","2020","Q1","10-Q","2020-02-03","2020-05-03","90","520000000","2020-05-27","0000354950-20-000041",""
"HD","The Home Depot, Inc.","DepreciationAndAmortization","2021","Q1","10-Q","2020-02-03","2020-05-03","90","520000000","2021-05-25","0000354950-21-000147","CY2020Q1"
"HD","The Home Depot, Inc.","DepreciationAndAmortization","2020","Q2","10-Q","2020-02-03","2020-08-02","181","1039000000","2020-08-25","0000354950-20-000068",""
"HD","The Home Depot, Inc.","DepreciationAndAmortization","2021","Q2","10-Q","2020-02-03","2020-08-02","181","1039000000","2021-08-24","0000354950-21-000189",""
"HD","The Home Depot, Inc.","DepreciationAndAmortization","2020","Q2","10-Q","2020-05-04","2020-08-02","90","519000000","2020-08-25","0000354950-20-000068",""
"HD","The Home Depot, Inc.","DepreciationAndAmortization","2021","Q2","10-Q","2020-05-04","2020-08-02","90","519000000","2021-08-24","0000354950-21-000189","CY2020Q2"
"HD","The Home Depot, Inc.","DepreciationAndAmortization","2020","Q3","10-Q","2020-02-03","2020-11-01","272","1567000000","2020-11-24","0000354950-20-000103",""
"HD","The Home Depot, Inc.","DepreciationAndAmortization","2021","Q3","10-Q","2020-02-03","2020-11-01","272","1567000000","2021-11-23","0000354950-21-000234",""
"HD","The Home Depot, Inc.","DepreciationAndAmortization","2020","Q3","10-Q","2020-08-03","2020-11-01","90","528000000","2020-11-24","0000354950-20-000103",""
"HD","The Home Depot, Inc.","DepreciationAndAmortization","2021","Q3","10-Q","2020-08-03","2020-11-01","90","528000000","2021-11-23","0000354950-21-000234","CY2020Q3"
"HD","The Home Depot, Inc.","DepreciationAndAmortization","2020","FY","10-K","2020-02-03","2021-01-31","363","2128000000","2021-03-24","0000354950-21-000089",""
"HD","The Home Depot, Inc.","DepreciationAndAmortization","2021","FY","10-K","2020-02-03","2021-01-31","363","2128000000","2022-03-23","0000354950-22-000070",""
"HD","The Home Depot, Inc.","DepreciationAndAmortization","2022","FY","10-K","2020-02-03","2021-01-31","363","2128000000","2023-03-15","0000354950-23-000059","CY2020"
"HD","The Home Depot, Inc.","DepreciationAndAmortization","2021","Q1","10-Q","2021-02-01","2021-05-02","90","587000000","2021-05-25","0000354950-21-000147",""
"HD","The Home Depot, Inc.","DepreciationAndAmortization","2022","Q1","10-Q","2021-02-01","2021-05-02","90","587000000","2022-05-24","0000354950-22-000158","CY2021Q1"
"HD","The Home Depot, Inc.","DepreciationAndAmortization","2021","Q2","10-Q","2021-02-01","2021-08-01","181","1180000000","2021-08-24","0000354950-21-000189",""
"HD","The Home Depot, Inc.","DepreciationAndAmortization","2022","Q2","10-Q","2021-02-01","2021-08-01","181","1180000000","2022-08-23","0000354950-22-000193",""
"HD","The Home Depot, Inc.","DepreciationAndAmortization","2021","Q2","10-Q","2021-05-03","2021-08-01","90","593000000","2021-08-24","0000354950-21-000189",""
"HD","The Home Depot, Inc.","DepreciationAndAmortization","2022","Q2","10-Q","2021-05-03","2021-08-01","90","593000000","2022-08-23","0000354950-22-000193","CY2021Q2"
"HD","The Home Depot, Inc.","DepreciationAndAmortization","2021","Q3","10-Q","2021-02-01","2021-10-31","272","1780000000","2021-11-23","0000354950-21-000234",""
"HD","The Home Depot, Inc.","DepreciationAndAmortization","2022","Q3","10-Q","2021-02-01","2021-10-31","272","1780000000","2022-11-22","0000354950-22-000239",""
"HD","The Home Depot, Inc.","DepreciationAndAmortization","2021","Q3","10-Q","2021-08-02","2021-10-31","90","600000000","2021-11-23","0000354950-21-000234",""
"HD","The Home Depot, Inc.","DepreciationAndAmortization","2022","Q3","10-Q","2021-08-02","2021-10-31","90","600000000","2022-11-22","0000354950-22-000239","CY2021Q3"
"HD","The Home Depot, Inc.","DepreciationAndAmortization","2021","FY","10-K","2021-02-01","2022-01-30","363","2386000000","2022-03-23","0000354950-22-000070",""
"HD","The Home Depot, Inc.","DepreciationAndAmortization","2022","FY","10-K","2021-02-01","2022-01-30","363","2386000000","2023-03-15","0000354950-23-000059",""
"HD","The Home Depot, Inc.","DepreciationAndAmortization","2023","FY","10-K","2021-02-01","2022-01-30","363","2386000000","2024-03-13","0000354950-24-000062","CY2021"
"HD","The Home Depot, Inc.","DepreciationAndAmortization","2022","Q1","10-Q","2022-01-31","2022-05-01","90","606000000","2022-05-24","0000354950-22-000158",""
"HD","The Home Depot, Inc.","DepreciationAndAmortization","2023","Q1","10-Q","2022-01-31","2022-05-01","90","606000000","2023-05-23","0000354950-23-000144","CY2022Q1"
"HD","The Home Depot, Inc.","DepreciationAndAmortization","2022","Q2","10-Q","2022-01-31","2022-07-31","181","1222000000","2022-08-23","0000354950-22-000193",""
"HD","The Home Depot, Inc.","DepreciationAndAmortization","2023","Q2","10-Q","2022-01-31","2022-07-31","181","1222000000","2023-08-22","0000354950-23-000185",""
"HD","The Home Depot, Inc.","DepreciationAndAmortization","2022","Q2","10-Q","2022-05-02","2022-07-31","90","616000000","2022-08-23","0000354950-22-000193",""
"HD","The Home Depot, Inc.","DepreciationAndAmortization","2023","Q2","10-Q","2022-05-02","2022-07-31","90","616000000","2023-08-22","0000354950-23-000185","CY2022Q2"
"HD","The Home Depot, Inc.","DepreciationAndAmortization","2022","Q3","10-Q","2022-01-31","2022-10-30","272","1830000000","2022-11-22","0000354950-22-000239",""
"HD","The Home Depot, Inc.","DepreciationAndAmortization","2023","Q3","10-Q","2022-01-31","2022-10-30","272","1830000000","2023-11-21","0000354950-23-000240",""
"HD","The Home Depot, Inc.","DepreciationAndAmortization","2022","Q3","10-Q","2022-08-01","2022-10-30","90","608000000","2022-11-22","0000354950-22-000239",""
"HD","The Home Depot, Inc.","DepreciationAndAmortization","2023","Q3","10-Q","2022-08-01","2022-10-30","90","608000000","2023-11-21","0000354950-23-000240","CY2022Q3"
"HD","The Home Depot, Inc.","DepreciationAndAmortization","2022","FY","10-K","2022-01-31","2023-01-29","363","2455000000","2023-03-15","0000354950-23-000059",""
"HD","The Home Depot, Inc.","DepreciationAndAmortization","2023","FY","10-K","2022-01-31","2023-01-29","363","2455000000","2024-03-13","0000354950-24-000062",""
"HD","The Home Depot, Inc.","DepreciationAndAmortization","2024","FY","10-K","2022-01-31","2023-01-29","363","2455000000","2025-03-21","0000354950-25-000085","CY2022"
"HD","The Home Depot, Inc.","DepreciationAndAmortization","2023","Q1","10-Q","2023-01-30","2023-04-30","90","651000000","2023-05-23","0000354950-23-000144",""
"HD","The Home Depot, Inc.","DepreciationAndAmortization","2024","Q1","10-Q","2023-01-30","2023-04-30","90","651000000","2024-05-21","0000354950-24-000152","CY2023Q1"
"HD","The Home Depot, Inc.","DepreciationAndAmortization","2023","Q2","10-Q","2023-01-30","2023-07-30","181","1304000000","2023-08-22","0000354950-23-000185",""
"HD","The Home Depot, Inc.","DepreciationAndAmortization","2024","Q2","10-Q","2023-01-30","2023-07-30","181","1304000000","2024-08-20","0000354950-24-000201",""
"HD","The Home Depot, Inc.","DepreciationAndAmortization","2023","Q2","10-Q","2023-05-01","2023-07-30","90","653000000","2023-08-22","0000354950-23-000185",""
"HD","The Home Depot, Inc.","DepreciationAndAmortization","2024","Q2","10-Q","2023-05-01","2023-07-30","90","653000000","2024-08-20","0000354950-24-000201","CY2023Q2"
"HD","The Home Depot, Inc.","DepreciationAndAmortization","2023","Q3","10-Q","2023-01-30","2023-10-29","272","1987000000","2023-11-21","0000354950-23-000240",""
"HD","The Home Depot, Inc.","DepreciationAndAmortization","2024","Q3","10-Q","2023-01-30","2023-10-29","272","1987000000","2024-11-19","0000354950-24-000240",""
"HD","The Home Depot, Inc.","DepreciationAndAmortization","2023","Q3","10-Q","2023-07-31","2023-10-29","90","683000000","2023-11-21","0000354950-23-000240",""
"HD","The Home Depot, Inc.","DepreciationAndAmortization","2024","Q3","10-Q","2023-07-31","2023-10-29","90","683000000","2024-11-19","0000354950-24-000240","CY2023Q3"
"HD","The Home Depot, Inc.","DepreciationAndAmortization","2023","FY","10-K","2023-01-30","2024-01-28","363","2673000000","2024-03-13","0000354950-24-000062",""
"HD","The Home Depot, Inc.","DepreciationAndAmortization","2024","FY","10-K","2023-01-30","2024-01-28","363","2673000000","2025-03-21","0000354950-25-000085",""
"HD","The Home Depot, Inc.","DepreciationAndAmortization","2025","FY","10-K","2023-01-30","2024-01-28","363","2673000000","2026-03-18","0001628280-26-019436","CY2023"
"HD","The Home Depot, Inc.","DepreciationAndAmortization","2024","Q1","10-Q","2024-01-29","2024-04-28","90","687000000","2024-05-21","0000354950-24-000152",""
"HD","The Home Depot, Inc.","DepreciationAndAmortization","2025","Q1","10-Q","2024-01-29","2024-04-28","90","687000000","2025-05-28","0000354950-25-000165","CY2024Q1"
"HD","The Home Depot, Inc.","DepreciationAndAmortization","2024","Q2","10-Q","2024-01-29","2024-07-28","181","1425000000","2024-08-20","0000354950-24-000201",""
"HD","The Home Depot, Inc.","DepreciationAndAmortization","2025","Q2","10-Q","2024-01-29","2024-07-28","181","1425000000","2025-08-26","0000354950-25-000217",""
"HD","The Home Depot, Inc.","DepreciationAndAmortization","2024","Q2","10-Q","2024-04-29","2024-07-28","90","738000000","2024-08-20","0000354950-24-000201",""
"HD","The Home Depot, Inc.","DepreciationAndAmortization","2025","Q2","10-Q","2024-04-29","2024-07-28","90","738000000","2025-08-26","0000354950-25-000217","CY2024Q2"
"HD","The Home Depot, Inc.","DepreciationAndAmortization","2024","Q3","10-Q","2024-01-29","2024-10-27","272","2220000000","2024-11-19","0000354950-24-000240",""
"HD","The Home Depot, Inc.","DepreciationAndAmortization","2025","Q3","10-Q","2024-01-29","2024-10-27","272","2220000000","2025-11-25","0001628280-25-053868",""
"HD","The Home Depot, Inc.","DepreciationAndAmortization","2024","Q3","10-Q","2024-07-29","2024-10-27","90","795000000","2024-11-19","0000354950-24-000240",""
"HD","The Home Depot, Inc.","DepreciationAndAmortization","2025","Q3","10-Q","2024-07-29","2024-10-27","90","795000000","2025-11-25","0001628280-25-053868","CY2024Q3"
"HD","The Home Depot, Inc.","DepreciationAndAmortization","2024","FY","10-K","2024-01-29","2025-02-02","370","3034000000","2025-03-21","0000354950-25-000085",""
"HD","The Home Depot, Inc.","DepreciationAndAmortization","2025","FY","10-K","2024-01-29","2025-02-02","370","3034000000","2026-03-18","0001628280-26-019436","CY2024"
"HD","The Home Depot, Inc.","DepreciationAndAmortization","2025","Q1","10-Q","2025-02-03","2025-05-04","90","796000000","2025-05-28","0000354950-25-000165",""
"HD","The Home Depot, Inc.","DepreciationAndAmortization","2026","Q1","10-Q","2025-02-03","2025-05-04","90","796000000","2026-05-27","0001628280-26-038247","CY2025Q1"
"HD","The Home Depot, Inc.","DepreciationAndAmortization","2025","Q2","10-Q","2025-02-03","2025-08-03","181","1602000000","2025-08-26","0000354950-25-000217",""
"HD","The Home Depot, Inc.","DepreciationAndAmortization","2026","Q2","10-Q","2025-02-03","2025-08-03","181","1602000000","2026-08-25","0001628280-26-058715",""
"HD","The Home Depot, Inc.","DepreciationAndAmortization","2025","Q2","10-Q","2025-05-05","2025-08-03","90","806000000","2025-08-26","0000354950-25-000217",""
"HD","The Home Depot, Inc.","DepreciationAndAmortization","2026","Q2","10-Q","2025-05-05","2025-08-03","90","806000000","2026-08-25","0001628280-26-058715","CY2025Q2"
"HD","The Home Depot, Inc.","DepreciationAndAmortization","2025","Q3","10-Q","2025-02-03","2025-11-02","272","2428000000","2025-11-25","0001628280-25-053868",""
"HD","The Home Depot, Inc.","DepreciationAndAmortization","2025","Q3","10-Q","2025-08-04","2025-11-02","90","826000000","2025-11-25","0001628280-25-053868","CY2025Q3"
"HD","The Home Depot, Inc.","DepreciationAndAmortization","2025","FY","10-K","2025-02-03","2026-02-01","363","3273000000","2026-03-18","0001628280-26-019436","CY2025"
"HD","The Home Depot, Inc.","DepreciationAndAmortization","2026","Q1","10-Q","2026-02-02","2026-05-03","90","841000000","2026-05-27","0001628280-26-038247","CY2026Q1"
"HD","The Home Depot, Inc.","DepreciationAndAmortization","2026","Q2","10-Q","2026-02-02","2026-08-02","181","1693000000","2026-08-25","0001628280-26-058715",""
"HD","The Home Depot, Inc.","DepreciationAndAmortization","2026","Q2","10-Q","2026-05-04","2026-08-02","90","852000000","2026-08-25","0001628280-26-058715","CY2026Q2"
"HD","The Home Depot, Inc.","OperatingExpenses","2020","FY","10-K","2018-01-29","2019-02-03","370","21630000000","2021-03-24","0000354950-21-000089","CY2018"
"HD","The Home Depot, Inc.","OperatingExpenses","2020","Q1","10-Q","2019-02-04","2019-05-05","90","5420000000","2020-05-27","0000354950-20-000041","CY2019Q1"
"HD","The Home Depot, Inc.","OperatingExpenses","2020","Q2","10-Q","2019-02-04","2019-08-04","181","10956000000","2020-08-25","0000354950-20-000068",""
"HD","The Home Depot, Inc.","OperatingExpenses","2020","Q2","10-Q","2019-05-06","2019-08-04","90","5536000000","2020-08-25","0000354950-20-000068","CY2019Q2"
"HD","The Home Depot, Inc.","OperatingExpenses","2020","Q3","10-Q","2019-02-04","2019-11-03","272","16396000000","2020-11-24","0000354950-20-000103",""
"HD","The Home Depot, Inc.","OperatingExpenses","2020","Q3","10-Q","2019-08-05","2019-11-03","90","5440000000","2020-11-24","0000354950-20-000103","CY2019Q3"
"HD","The Home Depot, Inc.","OperatingExpenses","2020","FY","10-K","2019-02-04","2020-02-02","363","21729000000","2021-03-24","0000354950-21-000089",""
"HD","The Home Depot, Inc.","OperatingExpenses","2021","FY","10-K","2019-02-04","2020-02-02","363","21729000000","2022-03-23","0000354950-22-000070","CY2019"
"HD","The Home Depot, Inc.","OperatingExpenses","2020","Q1","10-Q","2020-02-03","2020-05-03","90","6349000000","2020-05-27","0000354950-20-000041",""
"HD","The Home Depot, Inc.","OperatingExpenses","2021","Q1","10-Q","2020-02-03","2020-05-03","90","6349000000","2021-05-25","0000354950-21-000147","CY2020Q1"
"HD","The Home Depot, Inc.","OperatingExpenses","2020","Q2","10-Q","2020-02-03","2020-08-02","181","13223000000","2020-08-25","0000354950-20-000068",""
"HD","The Home Depot, Inc.","OperatingExpenses","2021","Q2","10-Q","2020-02-03","2020-08-02","181","13223000000","2021-08-24","0000354950-21-000189",""
"HD","The Home Depot, Inc.","OperatingExpenses","2020","Q2","10-Q","2020-05-04","2020-08-02","90","6874000000","2020-08-25","0000354950-20-000068",""
"HD","The Home Depot, Inc.","OperatingExpenses","2021","Q2","10-Q","2020-05-04","2020-08-02","90","6874000000","2021-08-24","0000354950-21-000189","CY2020Q2"
"HD","The Home Depot, Inc.","OperatingExpenses","2020","Q3","10-Q","2020-02-03","2020-11-01","272","19827000000","2020-11-24","0000354950-20-000103",""
"HD","The Home Depot, Inc.","OperatingExpenses","2021","Q3","10-Q","2020-02-03","2020-11-01","272","19827000000","2021-11-23","0000354950-21-000234",""
"HD","The Home Depot, Inc.","OperatingExpenses","2020","Q3","10-Q","2020-08-03","2020-11-01","90","6604000000","2020-11-24","0000354950-20-000103",""
"HD","The Home Depot, Inc.","OperatingExpenses","2021","Q3","10-Q","2020-08-03","2020-11-01","90","6604000000","2021-11-23","0000354950-21-000234","CY2020Q3"
"HD","The Home Depot, Inc.","OperatingExpenses","2020","FY","10-K","2020-02-03","2021-01-31","363","26575000000","2021-03-24","0000354950-21-000089",""
"HD","The Home Depot, Inc.","OperatingExpenses","2021","FY","10-K","2020-02-03","2021-01-31","363","26575000000","2022-03-23","0000354950-22-000070",""
"HD","The Home Depot, Inc.","OperatingExpenses","2022","FY","10-K","2020-02-03","2021-01-31","363","26575000000","2023-03-15","0000354950-23-000059","CY2020"
"HD","The Home Depot, Inc.","OperatingExpenses","2021","Q1","10-Q","2021-02-01","2021-05-02","90","6961000000","2021-05-25","0000354950-21-000147",""
"HD","The Home Depot, Inc.","OperatingExpenses","2022","Q1","10-Q","2021-02-01","2021-05-02","90","6961000000","2022-05-24","0000354950-22-000158","CY2021Q1"
"HD","The Home Depot, Inc.","OperatingExpenses","2021","Q2","10-Q","2021-02-01","2021-08-01","181","13987000000","2021-08-24","0000354950-21-000189",""
"HD","The Home Depot, Inc.","OperatingExpenses","2022","Q2","10-Q","2021-02-01","2021-08-01","181","13987000000","2022-08-23","0000354950-22-000193",""
"HD","The Home Depot, Inc.","OperatingExpenses","2021","Q2","10-Q","2021-05-03","2021-08-01","90","7026000000","2021-08-24","0000354950-21-000189",""
"HD","The Home Depot, Inc.","OperatingExpenses","2022","Q2","10-Q","2021-05-03","2021-08-01","90","7026000000","2022-08-23","0000354950-22-000193","CY2021Q2"
"HD","The Home Depot, Inc.","OperatingExpenses","2021","Q3","10-Q","2021-02-01","2021-10-31","272","20755000000","2021-11-23","0000354950-21-000234",""
"HD","The Home Depot, Inc.","OperatingExpenses","2022","Q3","10-Q","2021-02-01","2021-10-31","272","20755000000","2022-11-22","0000354950-22-000239",""
"HD","The Home Depot, Inc.","OperatingExpenses","2021","Q3","10-Q","2021-08-02","2021-10-31","90","6768000000","2021-11-23","0000354950-21-000234",""
"HD","The Home Depot, Inc.","OperatingExpenses","2022","Q3","10-Q","2021-08-02","2021-10-31","90","6768000000","2022-11-22","0000354950-22-000239","CY2021Q3"
"HD","The Home Depot, Inc.","OperatingExpenses","2021","FY","10-K","2021-02-01","2022-01-30","363","27792000000","2022-03-23","0000354950-22-000070",""
"HD","The Home Depot, Inc.","OperatingExpenses","2022","FY","10-K","2021-02-01","2022-01-30","363","27792000000","2023-03-15","0000354950-23-000059",""
"HD","The Home Depot, Inc.","OperatingExpenses","2023","FY","10-K","2021-02-01","2022-01-30","363","27792000000","2024-03-13","0000354950-24-000062","CY2021"
"HD","The Home Depot, Inc.","OperatingExpenses","2022","Q1","10-Q","2022-01-31","2022-05-01","90","7216000000","2022-05-24","0000354950-22-000158",""
"HD","The Home Depot, Inc.","OperatingExpenses","2023","Q1","10-Q","2022-01-31","2022-05-01","90","7216000000","2023-05-23","0000354950-23-000144","CY2022Q1"
"HD","The Home Depot, Inc.","OperatingExpenses","2022","Q2","10-Q","2022-01-31","2022-07-31","181","14489000000","2022-08-23","0000354950-22-000193",""
"HD","The Home Depot, Inc.","OperatingExpenses","2023","Q2","10-Q","2022-01-31","2022-07-31","181","14489000000","2023-08-22","0000354950-23-000185",""
"HD","The Home Depot, Inc.","OperatingExpenses","2022","Q2","10-Q","2022-05-02","2022-07-31","90","7273000000","2022-08-23","0000354950-22-000193",""
"HD","The Home Depot, Inc.","OperatingExpenses","2023","Q2","10-Q","2022-05-02","2022-07-31","90","7273000000","2023-08-22","0000354950-23-000185","CY2022Q2"
"HD","The Home Depot, Inc.","OperatingExpenses","2022","Q3","10-Q","2022-01-31","2022-10-30","272","21565000000","2022-11-22","0000354950-22-000239",""
"HD","The Home Depot, Inc.","OperatingExpenses","2023","Q3","10-Q","2022-01-31","2022-10-30","272","21565000000","2023-11-21","0000354950-23-000240",""
"HD","The Home Depot, Inc.","OperatingExpenses","2022","Q3","10-Q","2022-08-01","2022-10-30","90","7076000000","2022-11-22","0000354950-22-000239",""
"HD","The Home Depot, Inc.","OperatingExpenses","2023","Q3","10-Q","2022-08-01","2022-10-30","90","7076000000","2023-11-21","0000354950-23-000240","CY2022Q3"
"HD","The Home Depot, Inc.","OperatingExpenses","2022","FY","10-K","2022-01-31","2023-01-29","363","28739000000","2023-03-15","0000354950-23-000059",""
"HD","The Home Depot, Inc.","OperatingExpenses","2023","FY","10-K","2022-01-31","2023-01-29","363","28739000000","2024-03-13","0000354950-24-000062",""
"HD","The Home Depot, Inc.","OperatingExpenses","2024","FY","10-K","2022-01-31","2023-01-29","363","28739000000","2025-03-21","0000354950-25-000085","CY2022"
"HD","The Home Depot, Inc.","OperatingExpenses","2023","Q1","10-Q","2023-01-30","2023-04-30","90","7006000000","2023-05-23","0000354950-23-000144",""
"HD","The Home Depot, Inc.","OperatingExpenses","2024","Q1","10-Q","2023-01-30","2023-04-30","90","7006000000","2024-05-21","0000354950-24-000152","CY2023Q1"
"HD","The Home Depot, Inc.","OperatingExpenses","2023","Q2","10-Q","2023-01-30","2023-07-30","181","14574000000","2023-08-22","0000354950-23-000185",""
"HD","The Home Depot, Inc.","OperatingExpenses","2024","Q2","10-Q","2023-01-30","2023-07-30","181","14574000000","2024-08-20","0000354950-24-000201",""
"HD","The Home Depot, Inc.","OperatingExpenses","2023","Q2","10-Q","2023-05-01","2023-07-30","90","7568000000","2023-08-22","0000354950-23-000185",""
"HD","The Home Depot, Inc.","OperatingExpenses","2024","Q2","10-Q","2023-05-01","2023-07-30","90","7568000000","2024-08-20","0000354950-24-000201","CY2023Q2"
"HD","The Home Depot, Inc.","OperatingExpenses","2023","Q3","10-Q","2023-01-30","2023-10-29","272","21906000000","2023-11-21","0000354950-23-000240",""
"HD","The Home Depot, Inc.","OperatingExpenses","2024","Q3","10-Q","2023-01-30","2023-10-29","272","21906000000","2024-11-19","0000354950-24-000240",""
"HD","The Home Depot, Inc.","OperatingExpenses","2023","Q3","10-Q","2023-07-31","2023-10-29","90","7332000000","2023-11-21","0000354950-23-000240",""
"HD","The Home Depot, Inc.","OperatingExpenses","2024","Q3","10-Q","2023-07-31","2023-10-29","90","7332000000","2024-11-19","0000354950-24-000240","CY2023Q3"
"HD","The Home Depot, Inc.","OperatingExpenses","2023","FY","10-K","2023-01-30","2024-01-28","363","29271000000","2024-03-13","0000354950-24-000062",""
"HD","The Home Depot, Inc.","OperatingExpenses","2024","FY","10-K","2023-01-30","2024-01-28","363","29271000000","2025-03-21","0000354950-25-000085",""
"HD","The Home Depot, Inc.","OperatingExpenses","2025","FY","10-K","2023-01-30","2024-01-28","363","29271000000","2026-03-18","0001628280-26-019436","CY2023"
"HD","The Home Depot, Inc.","OperatingExpenses","2024","Q1","10-Q","2024-01-29","2024-04-28","90","7354000000","2024-05-21","0000354950-24-000152",""
"HD","The Home Depot, Inc.","OperatingExpenses","2025","Q1","10-Q","2024-01-29","2024-04-28","90","7354000000","2025-05-28","0000354950-25-000165","CY2024Q1"
"HD","The Home Depot, Inc.","OperatingExpenses","2024","Q2","10-Q","2024-01-29","2024-07-28","181","15236000000","2024-08-20","0000354950-24-000201",""
"HD","The Home Depot, Inc.","OperatingExpenses","2025","Q2","10-Q","2024-01-29","2024-07-28","181","15236000000","2025-08-26","0000354950-25-000217",""
"HD","The Home Depot, Inc.","OperatingExpenses","2024","Q2","10-Q","2024-04-29","2024-07-28","90","7882000000","2024-08-20","0000354950-24-000201",""
"HD","The Home Depot, Inc.","OperatingExpenses","2025","Q2","10-Q","2024-04-29","2024-07-28","90","7882000000","2025-08-26","0000354950-25-000217","CY2024Q2"
"HD","The Home Depot, Inc.","OperatingExpenses","2024","Q3","10-Q","2024-01-29","2024-10-27","272","23243000000","2024-11-19","0000354950-24-000240",""
"HD","The Home Depot, Inc.","OperatingExpenses","2025","Q3","10-Q","2024-01-29","2024-10-27","272","23243000000","2025-11-25","0001628280-25-053868",""
"HD","The Home Depot, Inc.","OperatingExpenses","2024","Q3","10-Q","2024-07-29","2024-10-27","90","8007000000","2024-11-19","0000354950-24-000240",""
"HD","The Home Depot, Inc.","OperatingExpenses","2025","Q3","10-Q","2024-07-29","2024-10-27","90","8007000000","2025-11-25","0001628280-25-053868","CY2024Q3"
"HD","The Home Depot, Inc.","OperatingExpenses","2024","FY","10-K","2024-01-29","2025-02-02","370","31782000000","2025-03-21","0000354950-25-000085",""
"HD","The Home Depot, Inc.","OperatingExpenses","2025","FY","10-K","2024-01-29","2025-02-02","370","31782000000","2026-03-18","0001628280-26-019436","CY2024"
"HD","The Home Depot, Inc.","OperatingExpenses","2025","Q1","10-Q","2025-02-03","2025-05-04","90","8326000000","2025-05-28","0000354950-25-000165",""
"HD","The Home Depot, Inc.","OperatingExpenses","2026","Q1","10-Q","2025-02-03","2025-05-04","90","8326000000","2026-05-27","0001628280-26-038247","CY2025Q1"
"HD","The Home Depot, Inc.","OperatingExpenses","2025","Q2","10-Q","2025-02-03","2025-08-03","181","16896000000","2025-08-26","0000354950-25-000217",""
"HD","The Home Depot, Inc.","OperatingExpenses","2026","Q2","10-Q","2025-02-03","2025-08-03","181","16896000000","2026-08-25","0001628280-26-058715",""
"HD","The Home Depot, Inc.","OperatingExpenses","2025","Q2","10-Q","2025-05-05","2025-08-03","90","8570000000","2025-08-26","0000354950-25-000217",""
"HD","The Home Depot, Inc.","OperatingExpenses","2026","Q2","10-Q","2025-05-05","2025-08-03","90","8570000000","2026-08-25","0001628280-26-058715","CY2025Q2"
"HD","The Home Depot, Inc.","OperatingExpenses","2025","Q3","10-Q","2025-02-03","2025-11-02","272","25358000000","2025-11-25","0001628280-25-053868",""
"HD","The Home Depot, Inc.","OperatingExpenses","2025","Q3","10-Q","2025-08-04","2025-11-02","90","8462000000","2025-11-25","0001628280-25-053868","CY2025Q3"
"HD","The Home Depot, Inc.","OperatingExpenses","2025","FY","10-K","2025-02-03","2026-02-01","363","33975000000","2026-03-18","0001628280-26-019436","CY2025"
"HD","The Home Depot, Inc.","OperatingExpenses","2026","Q1","10-Q","2026-02-02","2026-05-03","90","8800000000","2026-05-27","0001628280-26-038247","CY2026Q1"
"HD","The Home Depot, Inc.","OperatingExpenses","2026","Q2","10-Q","2026-02-02","2026-08-02","181","18076000000","2026-08-25","0001628280-26-058715",""
"HD","The Home Depot, Inc.","OperatingExpenses","2026","Q2","10-Q","2026-05-04","2026-08-02","90","9276000000","2026-08-25","0001628280-26-058715","CY2026Q2"
"HD","The Home Depot, Inc.","OperatingIncomeLoss","2020","FY","10-K","2018-01-29","2019-02-03","370","15530000000","2021-03-24","0000354950-21-000089","CY2018"
"HD","The Home Depot, Inc.","OperatingIncomeLoss","2020","Q1","10-Q","2019-02-04","2019-05-05","90","3597000000","2020-05-27","0000354950-20-000041","CY2019Q1"
"HD","The Home Depot, Inc.","OperatingIncomeLoss","2020","Q2","10-Q","2019-02-04","2019-08-04","181","8493000000","2020-08-25","0000354950-20-000068",""
"HD","The Home Depot, Inc.","OperatingIncomeLoss","2020","Q2","10-Q","2019-05-06","2019-08-04","90","4896000000","2020-08-25","0000354950-20-000068","CY2019Q2"
"HD","The Home Depot, Inc.","OperatingIncomeLoss","2020","Q3","10-Q","2019-02-04","2019-11-03","272","12440000000","2020-11-24","0000354950-20-000103",""
"HD","The Home Depot, Inc.","OperatingIncomeLoss","2020","Q3","10-Q","2019-08-05","2019-11-03","90","3947000000","2020-11-24","0000354950-20-000103","CY2019Q3"
"HD","The Home Depot, Inc.","OperatingIncomeLoss","2020","FY","10-K","2019-02-04","2020-02-02","363","15843000000","2021-03-24","0000354950-21-000089",""
"HD","The Home Depot, Inc.","OperatingIncomeLoss","2021","FY","10-K","2019-02-04","2020-02-02","363","15843000000","2022-03-23","0000354950-22-000070","CY2019"
"HD","The Home Depot, Inc.","OperatingIncomeLoss","2020","Q1","10-Q","2020-02-03","2020-05-03","90","3276000000","2020-05-27","0000354950-20-000041",""
"HD","The Home Depot, Inc.","OperatingIncomeLoss","2021","Q1","10-Q","2020-02-03","2020-05-03","90","3276000000","2021-05-25","0000354950-21-000147","CY2020Q1"
"HD","The Home Depot, Inc.","OperatingIncomeLoss","2020","Q2","10-Q","2020-02-03","2020-08-02","181","9343000000","2020-08-25","0000354950-20-000068",""
"HD","The Home Depot, Inc.","OperatingIncomeLoss","2021","Q2","10-Q","2020-02-03","2020-08-02","181","9343000000","2021-08-24","0000354950-21-000189",""
"HD","The Home Depot, Inc.","OperatingIncomeLoss","2020","Q2","10-Q","2020-05-04","2020-08-02","90","6067000000","2020-08-25","0000354950-20-000068",""
"HD","The Home Depot, Inc.","OperatingIncomeLoss","2021","Q2","10-Q","2020-05-04","2020-08-02","90","6067000000","2021-08-24","0000354950-21-000189","CY2020Q2"
"HD","The Home Depot, Inc.","OperatingIncomeLoss","2020","Q3","10-Q","2020-02-03","2020-11-01","272","14195000000","2020-11-24","0000354950-20-000103",""
"HD","The Home Depot, Inc.","OperatingIncomeLoss","2021","Q3","10-Q","2020-02-03","2020-11-01","272","14195000000","2021-11-23","0000354950-21-000234",""
"HD","The Home Depot, Inc.","OperatingIncomeLoss","2020","Q3","10-Q","2020-08-03","2020-11-01","90","4852000000","2020-11-24","0000354950-20-000103",""
"HD","The Home Depot, Inc.","OperatingIncomeLoss","2021","Q3","10-Q","2020-08-03","2020-11-01","90","4852000000","2021-11-23","0000354950-21-000234","CY2020Q3"
"HD","The Home Depot, Inc.","OperatingIncomeLoss","2020","FY","10-K","2020-02-03","2021-01-31","363","18278000000","2021-03-24","0000354950-21-000089",""
"HD","The Home Depot, Inc.","OperatingIncomeLoss","2021","FY","10-K","2020-02-03","2021-01-31","363","18278000000","2022-03-23","0000354950-22-000070",""
"HD","The Home Depot, Inc.","OperatingIncomeLoss","2022","FY","10-K","2020-02-03","2021-01-31","363","18278000000","2023-03-15","0000354950-23-000059","CY2020"
"HD","The Home Depot, Inc.","OperatingIncomeLoss","2021","Q1","10-Q","2021-02-01","2021-05-02","90","5781000000","2021-05-25","0000354950-21-000147",""
"HD","The Home Depot, Inc.","OperatingIncomeLoss","2022","Q1","10-Q","2021-02-01","2021-05-02","90","5781000000","2022-05-24","0000354950-22-000158","CY2021Q1"
"HD","The Home Depot, Inc.","OperatingIncomeLoss","2021","Q2","10-Q","2021-02-01","2021-08-01","181","12420000000","2021-08-24","0000354950-21-000189",""
"HD","The Home Depot, Inc.","OperatingIncomeLoss","2022","Q2","10-Q","2021-02-01","2021-08-01","181","12420000000","2022-08-23","0000354950-22-000193",""
"HD","The Home Depot, Inc.","OperatingIncomeLoss","2021","Q2","10-Q","2021-05-03","2021-08-01","90","6639000000","2021-08-24","0000354950-21-000189",""
"HD","The Home Depot, Inc.","OperatingIncomeLoss","2022","Q2","10-Q","2021-05-03","2021-08-01","90","6639000000","2022-08-23","0000354950-22-000193","CY2021Q2"
"HD","The Home Depot, Inc.","OperatingIncomeLoss","2021","Q3","10-Q","2021-02-01","2021-10-31","272","18215000000","2021-11-23","0000354950-21-000234",""
"HD","The Home Depot, Inc.","OperatingIncomeLoss","2022","Q3","10-Q","2021-02-01","2021-10-31","272","18215000000","2022-11-22","0000354950-22-000239",""
"HD","The Home Depot, Inc.","OperatingIncomeLoss","2021","Q3","10-Q","2021-08-02","2021-10-31","90","5795000000","2021-11-23","0000354950-21-000234",""
"HD","The Home Depot, Inc.","OperatingIncomeLoss","2022","Q3","10-Q","2021-08-02","2021-10-31","90","5795000000","2022-11-22","0000354950-22-000239","CY2021Q3"
"HD","The Home Depot, Inc.","OperatingIncomeLoss","2021","FY","10-K","2021-02-01","2022-01-30","363","23040000000","2022-03-23","0000354950-22-000070",""
"HD","The Home Depot, Inc.","OperatingIncomeLoss","2022","FY","10-K","2021-02-01","2022-01-30","363","23040000000","2023-03-15","0000354950-23-000059",""
"HD","The Home Depot, Inc.","OperatingIncomeLoss","2023","FY","10-K","2021-02-01","2022-01-30","363","23040000000","2024-03-13","0000354950-24-000062","CY2021"
"HD","The Home Depot, Inc.","OperatingIncomeLoss","2022","Q1","10-Q","2022-01-31","2022-05-01","90","5929000000","2022-05-24","0000354950-22-000158",""
"HD","The Home Depot, Inc.","OperatingIncomeLoss","2023","Q1","10-Q","2022-01-31","2022-05-01","90","5929000000","2023-05-23","0000354950-23-000144","CY2022Q1"
"HD","The Home Depot, Inc.","OperatingIncomeLoss","2022","Q2","10-Q","2022-01-31","2022-07-31","181","13139000000","2022-08-23","0000354950-22-000193",""
"HD","The Home Depot, Inc.","OperatingIncomeLoss","2023","Q2","10-Q","2022-01-31","2022-07-31","181","13139000000","2023-08-22","0000354950-23-000185",""
"HD","The Home Depot, Inc.","OperatingIncomeLoss","2022","Q2","10-Q","2022-05-02","2022-07-31","90","7210000000","2022-08-23","0000354950-22-000193",""
"HD","The Home Depot, Inc.","OperatingIncomeLoss","2023","Q2","10-Q","2022-05-02","2022-07-31","90","7210000000","2023-08-22","0000354950-23-000185","CY2022Q2"
"HD","The Home Depot, Inc.","OperatingIncomeLoss","2022","Q3","10-Q","2022-01-31","2022-10-30","272","19287000000","2022-11-22","0000354950-22-000239",""
"HD","The Home Depot, Inc.","OperatingIncomeLoss","2023","Q3","10-Q","2022-01-31","2022-10-30","272","19287000000","2023-11-21","0000354950-23-000240",""
"HD","The Home Depot, Inc.","OperatingIncomeLoss","2022","Q3","10-Q","2022-08-01","2022-10-30","90","6148000000","2022-11-22","0000354950-22-000239",""
"HD","The Home Depot, Inc.","OperatingIncomeLoss","2023","Q3","10-Q","2022-08-01","2022-10-30","90","6148000000","2023-11-21","0000354950-23-000240","CY2022Q3"
"HD","The Home Depot, Inc.","OperatingIncomeLoss","2022","FY","10-K","2022-01-31","2023-01-29","363","24039000000","2023-03-15","0000354950-23-000059",""
"HD","The Home Depot, Inc.","OperatingIncomeLoss","2023","FY","10-K","2022-01-31","2023-01-29","363","24039000000","2024-03-13","0000354950-24-000062",""
"HD","The Home Depot, Inc.","OperatingIncomeLoss","2024","FY","10-K","2022-01-31","2023-01-29","363","24039000000","2025-03-21","0000354950-25-000085","CY2022"
"HD","The Home Depot, Inc.","OperatingIncomeLoss","2023","Q1","10-Q","2023-01-30","2023-04-30","90","5551000000","2023-05-23","0000354950-23-000144",""
"HD","The Home Depot, Inc.","OperatingIncomeLoss","2024","Q1","10-Q","2023-01-30","2023-04-30","90","5551000000","2024-05-21","0000354950-24-000152","CY2023Q1"
"HD","The Home Depot, Inc.","OperatingIncomeLoss","2023","Q2","10-Q","2023-01-30","2023-07-30","181","12140000000","2023-08-22","0000354950-23-000185",""
"HD","The Home Depot, Inc.","OperatingIncomeLoss","2024","Q2","10-Q","2023-01-30","2023-07-30","181","12140000000","2024-08-20","0000354950-24-000201",""
"HD","The Home Depot, Inc.","OperatingIncomeLoss","2023","Q2","10-Q","2023-05-01","2023-07-30","90","6589000000","2023-08-22","0000354950-23-000185",""
"HD","The Home Depot, Inc.","OperatingIncomeLoss","2024","Q2","10-Q","2023-05-01","2023-07-30","90","6589000000","2024-08-20","0000354950-24-000201","CY2023Q2"
"HD","The Home Depot, Inc.","OperatingIncomeLoss","2023","Q3","10-Q","2023-01-30","2023-10-29","272","17546000000","2023-11-21","0000354950-23-000240",""
"HD","The Home Depot, Inc.","OperatingIncomeLoss","2024","Q3","10-Q","2023-01-30","2023-10-29","272","17546000000","2024-11-19","0000354950-24-000240",""
"HD","The Home Depot, Inc.","OperatingIncomeLoss","2023","Q3","10-Q","2023-07-31","2023-10-29","90","5406000000","2023-11-21","0000354950-23-000240",""
"HD","The Home Depot, Inc.","OperatingIncomeLoss","2024","Q3","10-Q","2023-07-31","2023-10-29","90","5406000000","2024-11-19","0000354950-24-000240","CY2023Q3"
"HD","The Home Depot, Inc.","OperatingIncomeLoss","2023","FY","10-K","2023-01-30","2024-01-28","363","21689000000","2024-03-13","0000354950-24-000062",""
"HD","The Home Depot, Inc.","OperatingIncomeLoss","2024","FY","10-K","2023-01-30","2024-01-28","363","21689000000","2025-03-21","0000354950-25-000085",""
"HD","The Home Depot, Inc.","OperatingIncomeLoss","2025","FY","10-K","2023-01-30","2024-01-28","363","21689000000","2026-03-18","0001628280-26-019436","CY2023"
"HD","The Home Depot, Inc.","OperatingIncomeLoss","2024","Q1","10-Q","2024-01-29","2024-04-28","90","5079000000","2024-05-21","0000354950-24-000152",""
"HD","The Home Depot, Inc.","OperatingIncomeLoss","2025","Q1","10-Q","2024-01-29","2024-04-28","90","5079000000","2025-05-28","0000354950-25-000165","CY2024Q1"
"HD","The Home Depot, Inc.","OperatingIncomeLoss","2024","Q2","10-Q","2024-01-29","2024-07-28","181","11613000000","2024-08-20","0000354950-24-000201",""
"HD","The Home Depot, Inc.","OperatingIncomeLoss","2025","Q2","10-Q","2024-01-29","2024-07-28","181","11613000000","2025-08-26","0000354950-25-000217",""
"HD","The Home Depot, Inc.","OperatingIncomeLoss","2024","Q2","10-Q","2024-04-29","2024-07-28","90","6534000000","2024-08-20","0000354950-24-000201",""
"HD","The Home Depot, Inc.","OperatingIncomeLoss","2025","Q2","10-Q","2024-04-29","2024-07-28","90","6534000000","2025-08-26","0000354950-25-000217","CY2024Q2"
"HD","The Home Depot, Inc.","OperatingIncomeLoss","2024","Q3","10-Q","2024-01-29","2024-10-27","272","17031000000","2024-11-19","0000354950-24-000240",""
"HD","The Home Depot, Inc.","OperatingIncomeLoss","2025","Q3","10-Q","2024-01-29","2024-10-27","272","17031000000","2025-11-25","0001628280-25-053868",""
"HD","The Home Depot, Inc.","OperatingIncomeLoss","2024","Q3","10-Q","2024-07-29","2024-10-27","90","5418000000","2024-11-19","0000354950-24-000240",""
"HD","The Home Depot, Inc.","OperatingIncomeLoss","2025","Q3","10-Q","2024-07-29","2024-10-27","90","5418000000","2025-11-25","0001628280-25-053868","CY2024Q3"
"HD","The Home Depot, Inc.","OperatingIncomeLoss","2024","FY","10-K","2024-01-29","2025-02-02","370","21526000000","2025-03-21","0000354950-25-000085",""
"HD","The Home Depot, Inc.","OperatingIncomeLoss","2025","FY","10-K","2024-01-29","2025-02-02","370","21526000000","2026-03-18","0001628280-26-019436","CY2024"
"HD","The Home Depot, Inc.","OperatingIncomeLoss","2025","Q1","10-Q","2025-02-03","2025-05-04","90","5133000000","2025-05-28","0000354950-25-000165",""
"HD","The Home Depot, Inc.","OperatingIncomeLoss","2026","Q1","10-Q","2025-02-03","2025-05-04","90","5133000000","2026-05-27","0001628280-26-038247","CY2025Q1"
"HD","The Home Depot, Inc.","OperatingIncomeLoss","2025","Q2","10-Q","2025-02-03","2025-08-03","181","11688000000","2025-08-26","0000354950-25-000217",""
"HD","The Home Depot, Inc.","OperatingIncomeLoss","2026","Q2","10-Q","2025-02-03","2025-08-03","181","11688000000","2026-08-25","0001628280-26-058715",""
"HD","The Home Depot, Inc.","OperatingIncomeLoss","2025","Q2","10-Q","2025-05-05","2025-08-03","90","6555000000","2025-08-26","0000354950-25-000217",""
"HD","The Home Depot, Inc.","OperatingIncomeLoss","2026","Q2","10-Q","2025-05-05","2025-08-03","90","6555000000","2026-08-25","0001628280-26-058715","CY2025Q2"
"HD","The Home Depot, Inc.","OperatingIncomeLoss","2025","Q3","10-Q","2025-02-03","2025-11-02","272","17041000000","2025-11-25","0001628280-25-053868",""
"HD","The Home Depot, Inc.","OperatingIncomeLoss","2025","Q3","10-Q","2025-08-04","2025-11-02","90","5353000000","2025-11-25","0001628280-25-053868","CY2025Q3"
"HD","The Home Depot, Inc.","OperatingIncomeLoss","2025","FY","10-K","2025-02-03","2026-02-01","363","20890000000","2026-03-18","0001628280-26-019436","CY2025"
"HD","The Home Depot, Inc.","OperatingIncomeLoss","2026","Q1","10-Q","2026-02-02","2026-05-03","90","4981000000","2026-05-27","0001628280-26-038247","CY2026Q1"
"HD","The Home Depot, Inc.","OperatingIncomeLoss","2026","Q2","10-Q","2026-02-02","2026-08-02","181","11820000000","2026-08-25","0001628280-26-058715",""
"HD","The Home Depot, Inc.","OperatingIncomeLoss","2026","Q2","10-Q","2026-05-04","2026-08-02","90","6839000000","2026-08-25","0001628280-26-058715","CY2026Q2"
"HD","The Home Depot, Inc.","NetIncomeLoss","2020","FY","10-K","2018-01-29","2019-02-03","370","11121000000","2021-03-24","0000354950-21-000089","CY2018"
"HD","The Home Depot, Inc.","NetIncomeLoss","2020","Q1","10-Q","2019-02-04","2019-05-05","90","2513000000","2020-05-27","0000354950-20-000041","CY2019Q1"
"HD","The Home Depot, Inc.","NetIncomeLoss","2020","Q2","10-Q","2019-02-04","2019-08-04","181","5992000000","2020-08-25","0000354950-20-000068",""
"HD","The Home Depot, Inc.","NetIncomeLoss","2020","Q2","10-Q","2019-05-06","2019-08-04","90","3479000000","2020-08-25","0000354950-20-000068","CY2019Q2"
"HD","The Home Depot, Inc.","NetIncomeLoss","2020","Q3","10-Q","2019-02-04","2019-11-03","272","8761000000","2020-11-24","0000354950-20-000103",""
"HD","The Home Depot, Inc.","NetIncomeLoss","2020","Q3","10-Q","2019-08-05","2019-11-03","90","2769000000","2020-11-24","0000354950-20-000103","CY2019Q3"
"HD","The Home Depot, Inc.","NetIncomeLoss","2020","FY","10-K","2019-02-04","2020-02-02","363","11242000000","2021-03-24","0000354950-21-000089",""
"HD","The Home Depot, Inc.","NetIncomeLoss","2021","FY","10-K","2019-02-04","2020-02-02","363","11242000000","2022-03-23","0000354950-22-000070","CY2019"
"HD","The Home Depot, Inc.","NetIncomeLoss","2020","Q1","10-Q","2020-02-03","2020-05-03","90","2245000000","2020-05-27","0000354950-20-000041",""
"HD","The Home Depot, Inc.","NetIncomeLoss","2021","Q1","10-Q","2020-02-03","2020-05-03","90","2245000000","2021-05-25","0000354950-21-000147","CY2020Q1"
"HD","The Home Depot, Inc.","NetIncomeLoss","2020","Q2","10-Q","2020-02-03","2020-08-02","181","6577000000","2020-08-25","0000354950-20-000068",""
"HD","The Home Depot, Inc.","NetIncomeLoss","2021","Q2","10-Q","2020-02-03","2020-08-02","181","6577000000","2021-08-24","0000354950-21-000189",""
"HD","The Home Depot, Inc.","NetIncomeLoss","2020","Q2","10-Q","2020-05-04","2020-08-02","90","4332000000","2020-08-25","0000354950-20-000068",""
"HD","The Home Depot, Inc.","NetIncomeLoss","2021","Q2","10-Q","2020-05-04","2020-08-02","90","4332000000","2021-08-24","0000354950-21-000189","CY2020Q2"
"HD","The Home Depot, Inc.","NetIncomeLoss","2020","Q3","10-Q","2020-02-03","2020-11-01","272","10009000000","2020-11-24","0000354950-20-000103",""
"HD","The Home Depot, Inc.","NetIncomeLoss","2021","Q3","10-Q","2020-02-03","2020-11-01","272","10009000000","2021-11-23","0000354950-21-000234",""
"HD","The Home Depot, Inc.","NetIncomeLoss","2020","Q3","10-Q","2020-08-03","2020-11-01","90","3432000000","2020-11-24","0000354950-20-000103",""
"HD","The Home Depot, Inc.","NetIncomeLoss","2021","Q3","10-Q","2020-08-03","2020-11-01","90","3432000000","2021-11-23","0000354950-21-000234","CY2020Q3"
"HD","The Home Depot, Inc.","NetIncomeLoss","2020","FY","10-K","2020-02-03","2021-01-31","363","12866000000","2021-03-24","0000354950-21-000089",""
"HD","The Home Depot, Inc.","NetIncomeLoss","2021","FY","10-K","2020-02-03","2021-01-31","363","12866000000","2022-03-23","0000354950-22-000070",""
"HD","The Home Depot, Inc.","NetIncomeLoss","2022","FY","10-K","2020-02-03","2021-01-31","363","12866000000","2023-03-15","0000354950-23-000059","CY2020"
"HD","The Home Depot, Inc.","NetIncomeLoss","2021","Q1","10-Q","2021-02-01","2021-05-02","90","4145000000","2021-05-25","0000354950-21-000147",""
"HD","The Home Depot, Inc.","NetIncomeLoss","2022","Q1","10-Q","2021-02-01","2021-05-02","90","4145000000","2022-05-24","0000354950-22-000158","CY2021Q1"
"HD","The Home Depot, Inc.","NetIncomeLoss","2021","Q2","10-Q","2021-02-01","2021-08-01","181","8952000000","2021-08-24","0000354950-21-000189",""
"HD","The Home Depot, Inc.","NetIncomeLoss","2022","Q2","10-Q","2021-02-01","2021-08-01","181","8952000000","2022-08-23","0000354950-22-000193",""
"HD","The Home Depot, Inc.","NetIncomeLoss","2021","Q2","10-Q","2021-05-03","2021-08-01","90","4807000000","2021-08-24","0000354950-21-000189",""
"HD","The Home Depot, Inc.","NetIncomeLoss","2022","Q2","10-Q","2021-05-03","2021-08-01","90","4807000000","2022-08-23","0000354950-22-000193","CY2021Q2"
"HD","The Home Depot, Inc.","NetIncomeLoss","2021","Q3","10-Q","2021-02-01","2021-10-31","272","13081000000","2021-11-23","0000354950-21-000234",""
"HD","The Home Depot, Inc.","NetIncomeLoss","2022","Q3","10-Q","2021-02-01","2021-10-31","272","13081000000","2022-11-22","0000354950-22-000239",""
"HD","The Home Depot, Inc.","NetIncomeLoss","2021","Q3","10-Q","2021-08-02","2021-10-31","90","4129000000","2021-11-23","0000354950-21-000234",""
"HD","The Home Depot, Inc.","NetIncomeLoss","2022","Q3","10-Q","2021-08-02","2021-10-31","90","4129000000","2022-11-22","0000354950-22-000239","CY2021Q3"
"HD","The Home Depot, Inc.","NetIncomeLoss","2021","FY","10-K","2021-02-01","2022-01-30","363","16433000000","2022-03-23","0000354950-22-000070",""
"HD","The Home Depot, Inc.","NetIncomeLoss","2022","FY","10-K","2021-02-01","2022-01-30","363","16433000000","2023-03-15","0000354950-23-000059",""
"HD","The Home Depot, Inc.","NetIncomeLoss","2023","FY","10-K","2021-02-01","2022-01-30","363","16433000000","2024-03-13","0000354950-24-000062",""
"HD","The Home Depot, Inc.","NetIncomeLoss","2022","Q1","10-Q","2022-01-31","2022-05-01","90","4231000000","2022-05-24","0000354950-22-000158",""
"HD","The Home Depot, Inc.","NetIncomeLoss","2023","Q1","10-Q","2022-01-31","2022-05-01","90","4231000000","2023-05-23","0000354950-23-000144","CY2022Q1"
"HD","The Home Depot, Inc.","NetIncomeLoss","2022","Q2","10-Q","2022-01-31","2022-07-31","181","9404000000","2022-08-23","0000354950-22-000193",""
"HD","The Home Depot, Inc.","NetIncomeLoss","2023","Q2","10-Q","2022-01-31","2022-07-31","181","9404000000","2023-08-22","0000354950-23-000185",""
"HD","The Home Depot, Inc.","NetIncomeLoss","2022","Q2","10-Q","2022-05-02","2022-07-31","90","5173000000","2022-08-23","0000354950-22-000193",""
"HD","The Home Depot, Inc.","NetIncomeLoss","2023","Q2","10-Q","2022-05-02","2022-07-31","90","5173000000","2023-08-22","0000354950-23-000185","CY2022Q2"
"HD","The Home Depot, Inc.","NetIncomeLoss","2022","Q3","10-Q","2022-01-31","2022-10-30","272","13743000000","2022-11-22","0000354950-22-000239",""
"HD","The Home Depot, Inc.","NetIncomeLoss","2023","Q3","10-Q","2022-01-31","2022-10-30","272","13743000000","2023-11-21","0000354950-23-000240",""
"HD","The Home Depot, Inc.","NetIncomeLoss","2022","Q3","10-Q","2022-08-01","2022-10-30","90","4339000000","2022-11-22","0000354950-22-000239",""
"HD","The Home Depot, Inc.","NetIncomeLoss","2023","Q3","10-Q","2022-08-01","2022-10-30","90","4339000000","2023-11-21","0000354950-23-000240","CY2022Q3"
"HD","The Home Depot, Inc.","NetIncomeLoss","2022","FY","10-K","2022-01-31","2023-01-29","363","17105000000","2023-03-15","0000354950-23-000059",""
"HD","The Home Depot, Inc.","NetIncomeLoss","2023","FY","10-K","2022-01-31","2023-01-29","363","17105000000","2024-03-13","0000354950-24-000062",""
"HD","The Home Depot, Inc.","NetIncomeLoss","2024","FY","10-K","2022-01-31","2023-01-29","363","17105000000","2025-03-21","0000354950-25-000085",""
"HD","The Home Depot, Inc.","NetIncomeLoss","2023","Q1","10-Q","2023-01-30","2023-04-30","90","3873000000","2023-05-23","0000354950-23-000144",""
"HD","The Home Depot, Inc.","NetIncomeLoss","2024","Q1","10-Q","2023-01-30","2023-04-30","90","3873000000","2024-05-21","0000354950-24-000152","CY2023Q1"
"HD","The Home Depot, Inc.","NetIncomeLoss","2023","Q2","10-Q","2023-01-30","2023-07-30","181","8532000000","2023-08-22","0000354950-23-000185",""
"HD","The Home Depot, Inc.","NetIncomeLoss","2024","Q2","10-Q","2023-01-30","2023-07-30","181","8532000000","2024-08-20","0000354950-24-000201",""
"HD","The Home Depot, Inc.","NetIncomeLoss","2023","Q2","10-Q","2023-05-01","2023-07-30","90","4659000000","2023-08-22","0000354950-23-000185",""
"HD","The Home Depot, Inc.","NetIncomeLoss","2024","Q2","10-Q","2023-05-01","2023-07-30","90","4659000000","2024-08-20","0000354950-24-000201","CY2023Q2"
"HD","The Home Depot, Inc.","NetIncomeLoss","2023","Q3","10-Q","2023-01-30","2023-10-29","272","12342000000","2023-11-21","0000354950-23-000240",""
"HD","The Home Depot, Inc.","NetIncomeLoss","2024","Q3","10-Q","2023-01-30","2023-10-29","272","12342000000","2024-11-19","0000354950-24-000240",""
"HD","The Home Depot, Inc.","NetIncomeLoss","2023","Q3","10-Q","2023-07-31","2023-10-29","90","3810000000","2023-11-21","0000354950-23-000240",""
"HD","The Home Depot, Inc.","NetIncomeLoss","2024","Q3","10-Q","2023-07-31","2023-10-29","90","3810000000","2024-11-19","0000354950-24-000240","CY2023Q3"
"HD","The Home Depot, Inc.","NetIncomeLoss","2023","FY","10-K","2023-01-30","2024-01-28","363","15143000000","2024-03-13","0000354950-24-000062",""
"HD","The Home Depot, Inc.","NetIncomeLoss","2024","FY","10-K","2023-01-30","2024-01-28","363","15143000000","2025-03-21","0000354950-25-000085",""
"HD","The Home Depot, Inc.","NetIncomeLoss","2025","FY","10-K","2023-01-30","2024-01-28","363","15143000000","2026-03-18","0001628280-26-019436",""
"HD","The Home Depot, Inc.","NetIncomeLoss","2024","Q1","10-Q","2024-01-29","2024-04-28","90","3600000000","2024-05-21","0000354950-24-000152",""
"HD","The Home Depot, Inc.","NetIncomeLoss","2025","Q1","10-Q","2024-01-29","2024-04-28","90","3600000000","2025-05-28","0000354950-25-000165","CY2024Q1"
"HD","The Home Depot, Inc.","NetIncomeLoss","2024","Q2","10-Q","2024-01-29","2024-07-28","181","8161000000","2024-08-20","0000354950-24-000201",""
"HD","The Home Depot, Inc.","NetIncomeLoss","2025","Q2","10-Q","2024-01-29","2024-07-28","181","8161000000","2025-08-26","0000354950-25-000217",""
"HD","The Home Depot, Inc.","NetIncomeLoss","2024","Q2","10-Q","2024-04-29","2024-07-28","90","4561000000","2024-08-20","0000354950-24-000201",""
"HD","The Home Depot, Inc.","NetIncomeLoss","2025","Q2","10-Q","2024-04-29","2024-07-28","90","4561000000","2025-08-26","0000354950-25-000217","CY2024Q2"
"HD","The Home Depot, Inc.","NetIncomeLoss","2024","Q3","10-Q","2024-01-29","2024-10-27","272","11809000000","2024-11-19","0000354950-24-000240",""
"HD","The Home Depot, Inc.","NetIncomeLoss","2025","Q3","10-Q","2024-01-29","2024-10-27","272","11809000000","2025-11-25","0001628280-25-053868",""
"HD","The Home Depot, Inc.","NetIncomeLoss","2024","Q3","10-Q","2024-07-29","2024-10-27","90","3648000000","2024-11-19","0000354950-24-000240",""
"HD","The Home Depot, Inc.","NetIncomeLoss","2025","Q3","10-Q","2024-07-29","2024-10-27","90","3648000000","2025-11-25","0001628280-25-053868","CY2024Q3"
"HD","The Home Depot, Inc.","NetIncomeLoss","2024","FY","10-K","2024-01-29","2025-02-02","370","14806000000","2025-03-21","0000354950-25-000085",""
"HD","The Home Depot, Inc.","NetIncomeLoss","2025","FY","10-K","2024-01-29","2025-02-02","370","14806000000","2026-03-18","0001628280-26-019436",""
"HD","The Home Depot, Inc.","NetIncomeLoss","2025","Q1","10-Q","2025-02-03","2025-05-04","90","3433000000","2025-05-28","0000354950-25-000165",""
"HD","The Home Depot, Inc.","NetIncomeLoss","2026","Q1","10-Q","2025-02-03","2025-05-04","90","3433000000","2026-05-27","0001628280-26-038247","CY2025Q1"
"HD","The Home Depot, Inc.","NetIncomeLoss","2025","Q2","10-Q","2025-02-03","2025-08-03","181","7984000000","2025-08-26","0000354950-25-000217",""
"HD","The Home Depot, Inc.","NetIncomeLoss","2026","Q2","10-Q","2025-02-03","2025-08-03","181","7984000000","2026-08-25","0001628280-26-058715",""
"HD","The Home Depot, Inc.","NetIncomeLoss","2025","Q2","10-Q","2025-05-05","2025-08-03","90","4551000000","2025-08-26","0000354950-25-000217",""
"HD","The Home Depot, Inc.","NetIncomeLoss","2026","Q2","10-Q","2025-05-05","2025-08-03","90","4551000000","2026-08-25","0001628280-26-058715","CY2025Q2"
"HD","The Home Depot, Inc.","NetIncomeLoss","2025","Q3","10-Q","2025-02-03","2025-11-02","272","11585000000","2025-11-25","0001628280-25-053868",""
"HD","The Home Depot, Inc.","NetIncomeLoss","2025","Q3","10-Q","2025-08-04","2025-11-02","90","3601000000","2025-11-25","0001628280-25-053868","CY2025Q3"
"HD","The Home Depot, Inc.","NetIncomeLoss","2025","FY","10-K","2025-02-03","2026-02-01","363","14156000000","2026-03-18","0001628280-26-019436",""
"HD","The Home Depot, Inc.","NetIncomeLoss","2026","Q1","10-Q","2026-02-02","2026-05-03","90","3289000000","2026-05-27","0001628280-26-038247","CY2026Q1"
"HD","The Home Depot, Inc.","NetIncomeLoss","2026","Q2","10-Q","2026-02-02","2026-08-02","181","8055000000","2026-08-25","0001628280-26-058715",""
"HD","The Home Depot, Inc.","NetIncomeLoss","2026","Q2","10-Q","2026-05-04","2026-08-02","90","4766000000","2026-08-25","0001628280-26-058715","CY2026Q2"
"LOW","LOWES COMPANIES INC","RevenueFromContractWithCustomerExcludingAssessedTax","2020","FY","10-K","2018-02-03","2019-02-01","363","71309000000","2021-03-22","0000060667-21-000026","CY2018"
"LOW","LOWES COMPANIES INC","RevenueFromContractWithCustomerExcludingAssessedTax","2020","Q1","10-Q","2019-02-02","2019-05-03","90","17741000000","2020-05-28","0000060667-20-000085","CY2019Q1"
"LOW","LOWES COMPANIES INC","RevenueFromContractWithCustomerExcludingAssessedTax","2020","Q2","10-Q","2019-02-02","2019-08-02","181","38733000000","2020-08-26","0000060667-20-000138",""
"LOW","LOWES COMPANIES INC","RevenueFromContractWithCustomerExcludingAssessedTax","2020","Q2","10-Q","2019-05-04","2019-08-02","90","20992000000","2020-08-26","0000060667-20-000138","CY2019Q2"
"LOW","LOWES COMPANIES INC","RevenueFromContractWithCustomerExcludingAssessedTax","2020","Q3","10-Q","2019-02-02","2019-11-01","272","56121000000","2020-11-25","0000060667-20-000175",""
"LOW","LOWES COMPANIES INC","RevenueFromContractWithCustomerExcludingAssessedTax","2020","Q3","10-Q","2019-08-03","2019-11-01","90","17388000000","2020-11-25","0000060667-20-000175","CY2019Q3"
"LOW","LOWES COMPANIES INC","RevenueFromContractWithCustomerExcludingAssessedTax","2020","FY","10-K","2019-02-02","2020-01-31","363","72148000000","2021-03-22","0000060667-21-000026",""
"LOW","LOWES COMPANIES INC","RevenueFromContractWithCustomerExcludingAssessedTax","2021","FY","10-K","2019-02-02","2020-01-31","363","72148000000","2022-03-21","0000060667-22-000038","CY2019"
"LOW","LOWES COMPANIES INC","RevenueFromContractWithCustomerExcludingAssessedTax","2020","Q1","10-Q","2020-02-01","2020-05-01","90","19675000000","2020-05-28","0000060667-20-000085",""
"LOW","LOWES COMPANIES INC","RevenueFromContractWithCustomerExcludingAssessedTax","2021","Q1","10-Q","2020-02-01","2020-05-01","90","19675000000","2021-05-27","0000060667-21-000074","CY2020Q1"
"LOW","LOWES COMPANIES INC","RevenueFromContractWithCustomerExcludingAssessedTax","2020","Q2","10-Q","2020-02-01","2020-07-31","181","46977000000","2020-08-26","0000060667-20-000138",""
"LOW","LOWES COMPANIES INC","RevenueFromContractWithCustomerExcludingAssessedTax","2021","Q2","10-Q","2020-02-01","2020-07-31","181","46977000000","2021-08-26","0000060667-21-000149",""
"LOW","LOWES COMPANIES INC","RevenueFromContractWithCustomerExcludingAssessedTax","2020","Q2","10-Q","2020-05-02","2020-07-31","90","27302000000","2020-08-26","0000060667-20-000138",""
"LOW","LOWES COMPANIES INC","RevenueFromContractWithCustomerExcludingAssessedTax","2021","Q2","10-Q","2020-05-02","2020-07-31","90","27302000000","2021-08-26","0000060667-21-000149","CY2020Q2"
"LOW","LOWES COMPANIES INC","RevenueFromContractWithCustomerExcludingAssessedTax","2020","Q3","10-Q","2020-02-01","2020-10-30","272","69286000000","2020-11-25","0000060667-20-000175",""
"LOW","LOWES COMPANIES INC","RevenueFromContractWithCustomerExcludingAssessedTax","2021","Q3","10-Q","2020-02-01","2020-10-30","272","69286000000","2021-11-24","0000060667-21-000168",""
"LOW","LOWES COMPANIES INC","RevenueFromContractWithCustomerExcludingAssessedTax","2020","Q3","10-Q","2020-08-01","2020-10-30","90","22309000000","2020-11-25","0000060667-20-000175",""
"LOW","LOWES COMPANIES INC","RevenueFromContractWithCustomerExcludingAssessedTax","2021","Q3","10-Q","2020-08-01","2020-10-30","90","22309000000","2021-11-24","0000060667-21-000168","CY2020Q3"
"LOW","LOWES COMPANIES INC","RevenueFromContractWithCustomerExcludingAssessedTax","2020","FY","10-K","2020-02-01","2021-01-29","363","89597000000","2021-03-22","0000060667-21-000026",""
"LOW","LOWES COMPANIES INC","RevenueFromContractWithCustomerExcludingAssessedTax","2021","FY","10-K","2020-02-01","2021-01-29","363","89597000000","2022-03-21","0000060667-22-000038",""
"LOW","LOWES COMPANIES INC","RevenueFromContractWithCustomerExcludingAssessedTax","2022","FY","10-K","2020-02-01","2021-01-29","363","89597000000","2023-03-27","0000060667-23-000034","CY2020"
"LOW","LOWES COMPANIES INC","RevenueFromContractWithCustomerExcludingAssessedTax","2021","Q1","10-Q","2021-01-30","2021-04-30","90","24422000000","2021-05-27","0000060667-21-000074",""
"LOW","LOWES COMPANIES INC","RevenueFromContractWithCustomerExcludingAssessedTax","2022","Q1","10-Q","2021-01-30","2021-04-30","90","24422000000","2022-05-26","0000060667-22-000079","CY2021Q1"
"LOW","LOWES COMPANIES INC","RevenueFromContractWithCustomerExcludingAssessedTax","2021","Q2","10-Q","2021-01-30","2021-07-30","181","51993000000","2021-08-26","0000060667-21-000149",""
"LOW","LOWES COMPANIES INC","RevenueFromContractWithCustomerExcludingAssessedTax","2022","Q2","10-Q","2021-01-30","2021-07-30","181","51993000000","2022-08-25","0000060667-22-000139",""
"LOW","LOWES COMPANIES INC","RevenueFromContractWithCustomerExcludingAssessedTax","2021","Q2","10-Q","2021-05-01","2021-07-30","90","27570000000","2021-08-26","0000060667-21-000149",""
"LOW","LOWES COMPANIES INC","RevenueFromContractWithCustomerExcludingAssessedTax","2022","Q2","10-Q","2021-05-01","2021-07-30","90","27570000000","2022-08-25","0000060667-22-000139","CY2021Q2"
"LOW","LOWES COMPANIES INC","RevenueFromContractWithCustomerExcludingAssessedTax","2021","Q3","10-Q","2021-01-30","2021-10-29","272","74911000000","2021-11-24","0000060667-21-000168",""
"LOW","LOWES COMPANIES INC","RevenueFromContractWithCustomerExcludingAssessedTax","2022","Q3","10-Q","2021-01-30","2021-10-29","272","74911000000","2022-11-23","0000060667-22-000170",""
"LOW","LOWES COMPANIES INC","RevenueFromContractWithCustomerExcludingAssessedTax","2021","Q3","10-Q","2021-07-31","2021-10-29","90","22918000000","2021-11-24","0000060667-21-000168",""
"LOW","LOWES COMPANIES INC","RevenueFromContractWithCustomerExcludingAssessedTax","2022","Q3","10-Q","2021-07-31","2021-10-29","90","22918000000","2022-11-23","0000060667-22-000170","CY2021Q3"
"LOW","LOWES COMPANIES INC","RevenueFromContractWithCustomerExcludingAssessedTax","2021","FY","10-K","2021-01-30","2022-01-28","363","96250000000","2022-03-21","0000060667-22-000038",""
"LOW","LOWES COMPANIES INC","RevenueFromContractWithCustomerExcludingAssessedTax","2022","FY","10-K","2021-01-30","2022-01-28","363","96250000000","2023-03-27","0000060667-23-000034",""
"LOW","LOWES COMPANIES INC","RevenueFromContractWithCustomerExcludingAssessedTax","2023","FY","10-K","2021-01-30","2022-01-28","363","96250000000","2024-03-25","0000060667-24-000033","CY2021"
"LOW","LOWES COMPANIES INC","RevenueFromContractWithCustomerExcludingAssessedTax","2022","Q1","10-Q","2022-01-29","2022-04-29","90","23659000000","2022-05-26","0000060667-22-000079",""
"LOW","LOWES COMPANIES INC","RevenueFromContractWithCustomerExcludingAssessedTax","2023","Q1","10-Q","2022-01-29","2022-04-29","90","23659000000","2023-06-01","0000060667-23-000114","CY2022Q1"
"LOW","LOWES COMPANIES INC","RevenueFromContractWithCustomerExcludingAssessedTax","2022","Q2","10-Q","2022-01-29","2022-07-29","181","51135000000","2022-08-25","0000060667-22-000139",""
"LOW","LOWES COMPANIES INC","RevenueFromContractWithCustomerExcludingAssessedTax","2023","Q2","10-Q","2022-01-29","2022-07-29","181","51135000000","2023-08-30","0000060667-23-000139",""
"LOW","LOWES COMPANIES INC","RevenueFromContractWithCustomerExcludingAssessedTax","2022","Q2","10-Q","2022-04-30","2022-07-29","90","27476000000","2022-08-25","0000060667-22-000139",""
"LOW","LOWES COMPANIES INC","RevenueFromContractWithCustomerExcludingAssessedTax","2023","Q2","10-Q","2022-04-30","2022-07-29","90","27476000000","2023-08-30","0000060667-23-000139","CY2022Q2"
"LOW","LOWES COMPANIES INC","RevenueFromContractWithCustomerExcludingAssessedTax","2022","Q3","10-Q","2022-01-29","2022-10-28","272","74614000000","2022-11-23","0000060667-22-000170",""
"LOW","LOWES COMPANIES INC","RevenueFromContractWithCustomerExcludingAssessedTax","2023","Q3","10-Q","2022-01-29","2022-10-28","272","74614000000","2023-11-29","0000060667-23-000164",""
"LOW","LOWES COMPANIES INC","RevenueFromContractWithCustomerExcludingAssessedTax","2022","Q3","10-Q","2022-07-30","2022-10-28","90","23479000000","2022-11-23","0000060667-22-000170",""
"LOW","LOWES COMPANIES INC","RevenueFromContractWithCustomerExcludingAssessedTax","2023","Q3","10-Q","2022-07-30","2022-10-28","90","23479000000","2023-11-29","0000060667-23-000164","CY2022Q3"
"LOW","LOWES COMPANIES INC","RevenueFromContractWithCustomerExcludingAssessedTax","2022","FY","10-K","2022-01-29","2023-02-03","370","97059000000","2023-03-27","0000060667-23-000034",""
"LOW","LOWES COMPANIES INC","RevenueFromContractWithCustomerExcludingAssessedTax","2023","FY","10-K","2022-01-29","2023-02-03","370","97059000000","2024-03-25","0000060667-24-000033",""
"LOW","LOWES COMPANIES INC","RevenueFromContractWithCustomerExcludingAssessedTax","2024","FY","10-K","2022-01-29","2023-02-03","370","97059000000","2025-03-24","0000060667-25-000049","CY2022"
"LOW","LOWES COMPANIES INC","RevenueFromContractWithCustomerExcludingAssessedTax","2023","Q1","10-Q","2023-02-04","2023-05-05","90","22347000000","2023-06-01","0000060667-23-000114",""
"LOW","LOWES COMPANIES INC","RevenueFromContractWithCustomerExcludingAssessedTax","2024","Q1","10-Q","2023-02-04","2023-05-05","90","22347000000","2024-05-30","0000060667-24-000085","CY2023Q1"
"LOW","LOWES COMPANIES INC","RevenueFromContractWithCustomerExcludingAssessedTax","2023","Q2","10-Q","2023-02-04","2023-08-04","181","47304000000","2023-08-30","0000060667-23-000139",""
"LOW","LOWES COMPANIES INC","RevenueFromContractWithCustomerExcludingAssessedTax","2024","Q2","10-Q","2023-02-04","2023-08-04","181","47304000000","2024-08-29","0000060667-24-000140",""
"LOW","LOWES COMPANIES INC","RevenueFromContractWithCustomerExcludingAssessedTax","2023","Q2","10-Q","2023-05-06","2023-08-04","90","24956000000","2023-08-30","0000060667-23-000139",""
"LOW","LOWES COMPANIES INC","RevenueFromContractWithCustomerExcludingAssessedTax","2024","Q2","10-Q","2023-05-06","2023-08-04","90","24956000000","2024-08-29","0000060667-24-000140","CY2023Q2"
"LOW","LOWES COMPANIES INC","RevenueFromContractWithCustomerExcludingAssessedTax","2023","Q3","10-Q","2023-02-04","2023-11-03","272","67775000000","2023-11-29","0000060667-23-000164",""
"LOW","LOWES COMPANIES INC","RevenueFromContractWithCustomerExcludingAssessedTax","2024","Q3","10-Q","2023-02-04","2023-11-03","272","67775000000","2024-11-27","0000060667-24-000169",""
"LOW","LOWES COMPANIES INC","RevenueFromContractWithCustomerExcludingAssessedTax","2023","Q3","10-Q","2023-08-05","2023-11-03","90","20471000000","2023-11-29","0000060667-23-000164",""
"LOW","LOWES COMPANIES INC","RevenueFromContractWithCustomerExcludingAssessedTax","2024","Q3","10-Q","2023-08-05","2023-11-03","90","20471000000","2024-11-27","0000060667-24-000169","CY2023Q3"
"LOW","LOWES COMPANIES INC","RevenueFromContractWithCustomerExcludingAssessedTax","2023","FY","10-K","2023-02-04","2024-02-02","363","86377000000","2024-03-25","0000060667-24-000033",""
"LOW","LOWES COMPANIES INC","RevenueFromContractWithCustomerExcludingAssessedTax","2024","FY","10-K","2023-02-04","2024-02-02","363","86377000000","2025-03-24","0000060667-25-000049",""
"LOW","LOWES COMPANIES INC","RevenueFromContractWithCustomerExcludingAssessedTax","2025","FY","10-K","2023-02-04","2024-02-02","363","86377000000","2026-03-23","0000060667-26-000029","CY2023"
"LOW","LOWES COMPANIES INC","RevenueFromContractWithCustomerExcludingAssessedTax","2024","Q1","10-Q","2024-02-03","2024-05-03","90","21364000000","2024-05-30","0000060667-24-000085",""
"LOW","LOWES COMPANIES INC","RevenueFromContractWithCustomerExcludingAssessedTax","2025","Q1","10-Q","2024-02-03","2024-05-03","90","21364000000","2025-05-29","0000060667-25-000104","CY2024Q1"
"LOW","LOWES COMPANIES INC","RevenueFromContractWithCustomerExcludingAssessedTax","2024","Q2","10-Q","2024-02-03","2024-08-02","181","44950000000","2024-08-29","0000060667-24-000140",""
"LOW","LOWES COMPANIES INC","RevenueFromContractWithCustomerExcludingAssessedTax","2025","Q2","10-Q","2024-02-03","2024-08-02","181","44950000000","2025-08-28","0000060667-25-000174",""
"LOW","LOWES COMPANIES INC","RevenueFromContractWithCustomerExcludingAssessedTax","2024","Q2","10-Q","2024-05-04","2024-08-02","90","23586000000","2024-08-29","0000060667-24-000140",""
"LOW","LOWES COMPANIES INC","RevenueFromContractWithCustomerExcludingAssessedTax","2025","Q2","10-Q","2024-05-04","2024-08-02","90","23586000000","2025-08-28","0000060667-25-000174","CY2024Q2"
"LOW","LOWES COMPANIES INC","RevenueFromContractWithCustomerExcludingAssessedTax","2024","Q3","10-Q","2024-02-03","2024-11-01","272","65120000000","2024-11-27","0000060667-24-000169",""
"LOW","LOWES COMPANIES INC","RevenueFromContractWithCustomerExcludingAssessedTax","2025","Q3","10-Q","2024-02-03","2024-11-01","272","65120000000","2025-11-26","0000060667-25-000210",""
"LOW","LOWES COMPANIES INC","RevenueFromContractWithCustomerExcludingAssessedTax","2024","Q3","10-Q","2024-08-03","2024-11-01","90","20170000000","2024-11-27","0000060667-24-000169",""
"LOW","LOWES COMPANIES INC","RevenueFromContractWithCustomerExcludingAssessedTax","2025","Q3","10-Q","2024-08-03","2024-11-01","90","20170000000","2025-11-26","0000060667-25-000210","CY2024Q3"
"LOW","LOWES COMPANIES INC","RevenueFromContractWithCustomerExcludingAssessedTax","2024","FY","10-K","2024-02-03","2025-01-31","363","83674000000","2025-03-24","0000060667-25-000049",""
"LOW","LOWES COMPANIES INC","RevenueFromContractWithCustomerExcludingAssessedTax","2025","FY","10-K","2024-02-03","2025-01-31","363","83674000000","2026-03-23","0000060667-26-000029","CY2024"
"LOW","LOWES COMPANIES INC","RevenueFromContractWithCustomerExcludingAssessedTax","2025","Q1","10-Q","2025-02-01","2025-05-02","90","20930000000","2025-05-29","0000060667-25-000104",""
"LOW","LOWES COMPANIES INC","RevenueFromContractWithCustomerExcludingAssessedTax","2026","Q1","10-Q","2025-02-01","2025-05-02","90","20930000000","2026-05-28","0000060667-26-000072","CY2025Q1"
"LOW","LOWES COMPANIES INC","RevenueFromContractWithCustomerExcludingAssessedTax","2025","Q2","10-Q","2025-02-01","2025-08-01","181","44888000000","2025-08-28","0000060667-25-000174",""
"LOW","LOWES COMPANIES INC","RevenueFromContractWithCustomerExcludingAssessedTax","2026","Q2","10-Q","2025-02-01","2025-08-01","181","44888000000","2026-08-27","0000060667-26-000117",""
"LOW","LOWES COMPANIES INC","RevenueFromContractWithCustomerExcludingAssessedTax","2025","Q2","10-Q","2025-05-03","2025-08-01","90","23959000000","2025-08-28","0000060667-25-000174",""
"LOW","LOWES COMPANIES INC","RevenueFromContractWithCustomerExcludingAssessedTax","2026","Q2","10-Q","2025-05-03","2025-08-01","90","23959000000","2026-08-27","0000060667-26-000117","CY2025Q2"
"LOW","LOWES COMPANIES INC","RevenueFromContractWithCustomerExcludingAssessedTax","2025","Q3","10-Q","2025-02-01","2025-10-31","272","65701000000","2025-11-26","0000060667-25-000210",""
"LOW","LOWES COMPANIES INC","RevenueFromContractWithCustomerExcludingAssessedTax","2025","Q3","10-Q","2025-08-02","2025-10-31","90","20813000000","2025-11-26","0000060667-25-000210","CY2025Q3"
"LOW","LOWES COMPANIES INC","RevenueFromContractWithCustomerExcludingAssessedTax","2025","FY","10-K","2025-02-01","2026-01-30","363","86286000000","2026-03-23","0000060667-26-000029","CY2025"
"LOW","LOWES COMPANIES INC","RevenueFromContractWithCustomerExcludingAssessedTax","2026","Q1","10-Q","2026-01-31","2026-05-01","90","23078000000","2026-05-28","0000060667-26-000072","CY2026Q1"
"LOW","LOWES COMPANIES INC","RevenueFromContractWithCustomerExcludingAssessedTax","2026","Q2","10-Q","2026-01-31","2026-07-31","181","49034000000","2026-08-27","0000060667-26-000117",""
"LOW","LOWES COMPANIES INC","RevenueFromContractWithCustomerExcludingAssessedTax","2026","Q2","10-Q","2026-05-02","2026-07-31","90","25956000000","2026-08-27","0000060667-26-000117","CY2026Q2"
"LOW","LOWES COMPANIES INC","CostOfGoodsAndServicesSold","2020","FY","10-K","2018-02-03","2019-02-01","363","48401000000","2021-03-22","0000060667-21-000026","CY2018"
"LOW","LOWES COMPANIES INC","CostOfGoodsAndServicesSold","2020","Q1","10-Q","2019-02-02","2019-05-03","90","12160000000","2020-05-28","0000060667-20-000085","CY2019Q1"
"LOW","LOWES COMPANIES INC","CostOfGoodsAndServicesSold","2020","Q2","10-Q","2019-02-02","2019-08-02","181","26412000000","2020-08-26","0000060667-20-000138",""
"LOW","LOWES COMPANIES INC","CostOfGoodsAndServicesSold","2020","Q2","10-Q","2019-05-04","2019-08-02","90","14252000000","2020-08-26","0000060667-20-000138","CY2019Q2"
"LOW","LOWES COMPANIES INC","CostOfGoodsAndServicesSold","2020","Q3","10-Q","2019-02-02","2019-11-01","272","38159000000","2020-11-25","0000060667-20-000175",""
"LOW","LOWES COMPANIES INC","CostOfGoodsAndServicesSold","2020","Q3","10-Q","2019-08-03","2019-11-01","90","11748000000","2020-11-25","0000060667-20-000175","CY2019Q3"
"LOW","LOWES COMPANIES INC","CostOfGoodsAndServicesSold","2020","FY","10-K","2019-02-02","2020-01-31","363","49205000000","2021-03-22","0000060667-21-000026",""
"LOW","LOWES COMPANIES INC","CostOfGoodsAndServicesSold","2021","FY","10-K","2019-02-02","2020-01-31","363","49205000000","2022-03-21","0000060667-22-000038","CY2019"
"LOW","LOWES COMPANIES INC","CostOfGoodsAndServicesSold","2020","Q1","10-Q","2020-02-01","2020-05-01","90","13162000000","2020-05-28","0000060667-20-000085",""
"LOW","LOWES COMPANIES INC","CostOfGoodsAndServicesSold","2021","Q1","10-Q","2020-02-01","2020-05-01","90","13162000000","2021-05-27","0000060667-21-000074","CY2020Q1"
"LOW","LOWES COMPANIES INC","CostOfGoodsAndServicesSold","2020","Q2","10-Q","2020-02-01","2020-07-31","181","31161000000","2020-08-26","0000060667-20-000138",""
"LOW","LOWES COMPANIES INC","CostOfGoodsAndServicesSold","2021","Q2","10-Q","2020-02-01","2020-07-31","181","31161000000","2021-08-26","0000060667-21-000149",""
"LOW","LOWES COMPANIES INC","CostOfGoodsAndServicesSold","2020","Q2","10-Q","2020-05-02","2020-07-31","90","17998000000","2020-08-26","0000060667-20-000138",""
"LOW","LOWES COMPANIES INC","CostOfGoodsAndServicesSold","2021","Q2","10-Q","2020-05-02","2020-07-31","90","17998000000","2021-08-26","0000060667-21-000149","CY2020Q2"
"LOW","LOWES COMPANIES INC","CostOfGoodsAndServicesSold","2020","Q3","10-Q","2020-02-01","2020-10-30","272","46170000000","2020-11-25","0000060667-20-000175",""
"LOW","LOWES COMPANIES INC","CostOfGoodsAndServicesSold","2021","Q3","10-Q","2020-02-01","2020-10-30","272","46170000000","2021-11-24","0000060667-21-000168",""
"LOW","LOWES COMPANIES INC","CostOfGoodsAndServicesSold","2020","Q3","10-Q","2020-08-01","2020-10-30","90","15009000000","2020-11-25","0000060667-20-000175",""
"LOW","LOWES COMPANIES INC","CostOfGoodsAndServicesSold","2021","Q3","10-Q","2020-08-01","2020-10-30","90","15009000000","2021-11-24","0000060667-21-000168","CY2020Q3"
"LOW","LOWES COMPANIES INC","CostOfGoodsAndServicesSold","2020","FY","10-K","2020-02-01","2021-01-29","363","60025000000","2021-03-22","0000060667-21-000026",""
"LOW","LOWES COMPANIES INC","CostOfGoodsAndServicesSold","2021","FY","10-K","2020-02-01","2021-01-29","363","60025000000","2022-03-21","0000060667-22-000038",""
"LOW","LOWES COMPANIES INC","CostOfGoodsAndServicesSold","2022","FY","10-K","2020-02-01","2021-01-29","363","60025000000","2023-03-27","0000060667-23-000034","CY2020"
"LOW","LOWES COMPANIES INC","CostOfGoodsAndServicesSold","2021","Q1","10-Q","2021-01-30","2021-04-30","90","16292000000","2021-05-27","0000060667-21-000074",""
"LOW","LOWES COMPANIES INC","CostOfGoodsAndServicesSold","2022","Q1","10-Q","2021-01-30","2021-04-30","90","16292000000","2022-05-26","0000060667-22-000079","CY2021Q1"
"LOW","LOWES COMPANIES INC","CostOfGoodsAndServicesSold","2021","Q2","10-Q","2021-01-30","2021-07-30","181","34551000000","2021-08-26","0000060667-21-000149",""
"LOW","LOWES COMPANIES INC","CostOfGoodsAndServicesSold","2022","Q2","10-Q","2021-01-30","2021-07-30","181","34551000000","2022-08-25","0000060667-22-000139",""
"LOW","LOWES COMPANIES INC","CostOfGoodsAndServicesSold","2021","Q2","10-Q","2021-05-01","2021-07-30","90","18258000000","2021-08-26","0000060667-21-000149",""
"LOW","LOWES COMPANIES INC","CostOfGoodsAndServicesSold","2022","Q2","10-Q","2021-05-01","2021-07-30","90","18258000000","2022-08-25","0000060667-22-000139","CY2021Q2"
"LOW","LOWES COMPANIES INC","CostOfGoodsAndServicesSold","2021","Q3","10-Q","2021-01-30","2021-10-29","272","49882000000","2021-11-24","0000060667-21-000168",""
"LOW","LOWES COMPANIES INC","CostOfGoodsAndServicesSold","2022","Q3","10-Q","2021-01-30","2021-10-29","272","49882000000","2022-11-23","0000060667-22-000170",""
"LOW","LOWES COMPANIES INC","CostOfGoodsAndServicesSold","2021","Q3","10-Q","2021-07-31","2021-10-29","90","15331000000","2021-11-24","0000060667-21-000168",""
"LOW","LOWES COMPANIES INC","CostOfGoodsAndServicesSold","2022","Q3","10-Q","2021-07-31","2021-10-29","90","15331000000","2022-11-23","0000060667-22-000170","CY2021Q3"
"LOW","LOWES COMPANIES INC","CostOfGoodsAndServicesSold","2021","FY","10-K","2021-01-30","2022-01-28","363","64194000000","2022-03-21","0000060667-22-000038",""
"LOW","LOWES COMPANIES INC","CostOfGoodsAndServicesSold","2022","FY","10-K","2021-01-30","2022-01-28","363","64194000000","2023-03-27","0000060667-23-000034",""
"LOW","LOWES COMPANIES INC","CostOfGoodsAndServicesSold","2023","FY","10-K","2021-01-30","2022-01-28","363","64194000000","2024-03-25","0000060667-24-000033","CY2021"
"LOW","LOWES COMPANIES INC","CostOfGoodsAndServicesSold","2022","Q1","10-Q","2022-01-29","2022-04-29","90","15609000000","2022-05-26","0000060667-22-000079",""
"LOW","LOWES COMPANIES INC","CostOfGoodsAndServicesSold","2023","Q1","10-Q","2022-01-29","2022-04-29","90","15609000000","2023-06-01","0000060667-23-000114","CY2022Q1"
"LOW","LOWES COMPANIES INC","CostOfGoodsAndServicesSold","2022","Q2","10-Q","2022-01-29","2022-07-29","181","33952000000","2022-08-25","0000060667-22-000139",""
"LOW","LOWES COMPANIES INC","CostOfGoodsAndServicesSold","2023","Q2","10-Q","2022-01-29","2022-07-29","181","33952000000","2023-08-30","0000060667-23-000139",""
"LOW","LOWES COMPANIES INC","CostOfGoodsAndServicesSold","2022","Q2","10-Q","2022-04-30","2022-07-29","90","18343000000","2022-08-25","0000060667-22-000139",""
"LOW","LOWES COMPANIES INC","CostOfGoodsAndServicesSold","2023","Q2","10-Q","2022-04-30","2022-07-29","90","18343000000","2023-08-30","0000060667-23-000139","CY2022Q2"
"LOW","LOWES COMPANIES INC","CostOfGoodsAndServicesSold","2022","Q3","10-Q","2022-01-29","2022-10-28","272","49614000000","2022-11-23","0000060667-22-000170",""
"LOW","LOWES COMPANIES INC","CostOfGoodsAndServicesSold","2023","Q3","10-Q","2022-01-29","2022-10-28","272","49614000000","2023-11-29","0000060667-23-000164",""
"LOW","LOWES COMPANIES INC","CostOfGoodsAndServicesSold","2022","Q3","10-Q","2022-07-30","2022-10-28","90","15661000000","2022-11-23","0000060667-22-000170",""
"LOW","LOWES COMPANIES INC","CostOfGoodsAndServicesSold","2023","Q3","10-Q","2022-07-30","2022-10-28","90","15661000000","2023-11-29","0000060667-23-000164","CY2022Q3"
"LOW","LOWES COMPANIES INC","CostOfGoodsAndServicesSold","2022","FY","10-K","2022-01-29","2023-02-03","370","64802000000","2023-03-27","0000060667-23-000034",""
"LOW","LOWES COMPANIES INC","CostOfGoodsAndServicesSold","2023","FY","10-K","2022-01-29","2023-02-03","370","64802000000","2024-03-25","0000060667-24-000033",""
"LOW","LOWES COMPANIES INC","CostOfGoodsAndServicesSold","2024","FY","10-K","2022-01-29","2023-02-03","370","64802000000","2025-03-24","0000060667-25-000049","CY2022"
"LOW","LOWES COMPANIES INC","CostOfGoodsAndServicesSold","2023","Q1","10-Q","2023-02-04","2023-05-05","90","14820000000","2023-06-01","0000060667-23-000114",""
"LOW","LOWES COMPANIES INC","CostOfGoodsAndServicesSold","2024","Q1","10-Q","2023-02-04","2023-05-05","90","14820000000","2024-05-30","0000060667-24-000085","CY2023Q1"
"LOW","LOWES COMPANIES INC","CostOfGoodsAndServicesSold","2023","Q2","10-Q","2023-02-04","2023-08-04","181","31378000000","2023-08-30","0000060667-23-000139",""
"LOW","LOWES COMPANIES INC","CostOfGoodsAndServicesSold","2024","Q2","10-Q","2023-02-04","2023-08-04","181","31378000000","2024-08-29","0000060667-24-000140",""
"LOW","LOWES COMPANIES INC","CostOfGoodsAndServicesSold","2023","Q2","10-Q","2023-05-06","2023-08-04","90","16557000000","2023-08-30","0000060667-23-000139",""
"LOW","LOWES COMPANIES INC","CostOfGoodsAndServicesSold","2024","Q2","10-Q","2023-05-06","2023-08-04","90","16557000000","2024-08-29","0000060667-24-000140","CY2023Q2"
"LOW","LOWES COMPANIES INC","CostOfGoodsAndServicesSold","2023","Q3","10-Q","2023-02-04","2023-11-03","272","44958000000","2023-11-29","0000060667-23-000164",""
"LOW","LOWES COMPANIES INC","CostOfGoodsAndServicesSold","2024","Q3","10-Q","2023-02-04","2023-11-03","272","44958000000","2024-11-27","0000060667-24-000169",""
"LOW","LOWES COMPANIES INC","CostOfGoodsAndServicesSold","2023","Q3","10-Q","2023-08-05","2023-11-03","90","13580000000","2023-11-29","0000060667-23-000164",""
"LOW","LOWES COMPANIES INC","CostOfGoodsAndServicesSold","2024","Q3","10-Q","2023-08-05","2023-11-03","90","13580000000","2024-11-27","0000060667-24-000169","CY2023Q3"
"LOW","LOWES COMPANIES INC","CostOfGoodsAndServicesSold","2023","FY","10-K","2023-02-04","2024-02-02","363","57533000000","2024-03-25","0000060667-24-000033",""
"LOW","LOWES COMPANIES INC","CostOfGoodsAndServicesSold","2024","FY","10-K","2023-02-04","2024-02-02","363","57533000000","2025-03-24","0000060667-25-000049",""
"LOW","LOWES COMPANIES INC","CostOfGoodsAndServicesSold","2025","FY","10-K","2023-02-04","2024-02-02","363","57533000000","2026-03-23","0000060667-26-000029","CY2023"
"LOW","LOWES COMPANIES INC","CostOfGoodsAndServicesSold","2024","Q1","10-Q","2024-02-03","2024-05-03","90","14274000000","2024-05-30","0000060667-24-000085",""
"LOW","LOWES COMPANIES INC","CostOfGoodsAndServicesSold","2025","Q1","10-Q","2024-02-03","2024-05-03","90","14274000000","2025-05-29","0000060667-25-000104","CY2024Q1"
"LOW","LOWES COMPANIES INC","CostOfGoodsAndServicesSold","2024","Q2","10-Q","2024-02-03","2024-08-02","181","29965000000","2024-08-29","0000060667-24-000140",""
"LOW","LOWES COMPANIES INC","CostOfGoodsAndServicesSold","2025","Q2","10-Q","2024-02-03","2024-08-02","181","29965000000","2025-08-28","0000060667-25-000174",""
"LOW","LOWES COMPANIES INC","CostOfGoodsAndServicesSold","2024","Q2","10-Q","2024-05-04","2024-08-02","90","15691000000","2024-08-29","0000060667-24-000140",""
"LOW","LOWES COMPANIES INC","CostOfGoodsAndServicesSold","2025","Q2","10-Q","2024-05-04","2024-08-02","90","15691000000","2025-08-28","0000060667-25-000174","CY2024Q2"
"LOW","LOWES COMPANIES INC","CostOfGoodsAndServicesSold","2024","Q3","10-Q","2024-02-03","2024-11-01","272","43340000000","2024-11-27","0000060667-24-000169",""
"LOW","LOWES COMPANIES INC","CostOfGoodsAndServicesSold","2025","Q3","10-Q","2024-02-03","2024-11-01","272","43340000000","2025-11-26","0000060667-25-000210",""
"LOW","LOWES COMPANIES INC","CostOfGoodsAndServicesSold","2024","Q3","10-Q","2024-08-03","2024-11-01","90","13374000000","2024-11-27","0000060667-24-000169",""
"LOW","LOWES COMPANIES INC","CostOfGoodsAndServicesSold","2025","Q3","10-Q","2024-08-03","2024-11-01","90","13374000000","2025-11-26","0000060667-25-000210","CY2024Q3"
"LOW","LOWES COMPANIES INC","CostOfGoodsAndServicesSold","2024","FY","10-K","2024-02-03","2025-01-31","363","55797000000","2025-03-24","0000060667-25-000049",""
"LOW","LOWES COMPANIES INC","CostOfGoodsAndServicesSold","2025","FY","10-K","2024-02-03","2025-01-31","363","55797000000","2026-03-23","0000060667-26-000029","CY2024"
"LOW","LOWES COMPANIES INC","CostOfGoodsAndServicesSold","2025","Q1","10-Q","2025-02-01","2025-05-02","90","13944000000","2025-05-29","0000060667-25-000104",""
"LOW","LOWES COMPANIES INC","CostOfGoodsAndServicesSold","2026","Q1","10-Q","2025-02-01","2025-05-02","90","13944000000","2026-05-28","0000060667-26-000072","CY2025Q1"
"LOW","LOWES COMPANIES INC","CostOfGoodsAndServicesSold","2025","Q2","10-Q","2025-02-01","2025-08-01","181","29800000000","2025-08-28","0000060667-25-000174",""
"LOW","LOWES COMPANIES INC","CostOfGoodsAndServicesSold","2026","Q2","10-Q","2025-02-01","2025-08-01","181","29800000000","2026-08-27","0000060667-26-000117",""
"LOW","LOWES COMPANIES INC","CostOfGoodsAndServicesSold","2025","Q2","10-Q","2025-05-03","2025-08-01","90","15858000000","2025-08-28","0000060667-25-000174",""
"LOW","LOWES COMPANIES INC","CostOfGoodsAndServicesSold","2026","Q2","10-Q","2025-05-03","2025-08-01","90","15858000000","2026-08-27","0000060667-26-000117","CY2025Q2"
"LOW","LOWES COMPANIES INC","CostOfGoodsAndServicesSold","2025","Q3","10-Q","2025-02-01","2025-10-31","272","43497000000","2025-11-26","0000060667-25-000210",""
"LOW","LOWES COMPANIES INC","CostOfGoodsAndServicesSold","2025","Q3","10-Q","2025-08-02","2025-10-31","90","13697000000","2025-11-26","0000060667-25-000210","CY2025Q3"
"LOW","LOWES COMPANIES INC","CostOfGoodsAndServicesSold","2025","FY","10-K","2025-02-01","2026-01-30","363","57401000000","2026-03-23","0000060667-26-000029","CY2025"
"LOW","LOWES COMPANIES INC","CostOfGoodsAndServicesSold","2026","Q1","10-Q","2026-01-31","2026-05-01","90","15535000000","2026-05-28","0000060667-26-000072","CY2026Q1"
"LOW","LOWES COMPANIES INC","CostOfGoodsAndServicesSold","2026","Q2","10-Q","2026-01-31","2026-07-31","181","32914000000","2026-08-27","0000060667-26-000117",""
"LOW","LOWES COMPANIES INC","CostOfGoodsAndServicesSold","2026","Q2","10-Q","2026-05-02","2026-07-31","90","17379000000","2026-08-27","0000060667-26-000117","CY2026Q2"
"LOW","LOWES COMPANIES INC","GrossProfit","2020","FY","10-K","2018-02-03","2019-02-01","363","22908000000","2021-03-22","0000060667-21-000026","CY2018"
"LOW","LOWES COMPANIES INC","GrossProfit","2020","Q1","10-Q","2019-02-02","2019-05-03","90","5581000000","2020-05-28","0000060667-20-000085","CY2019Q1"
"LOW","LOWES COMPANIES INC","GrossProfit","2020","Q2","10-Q","2019-02-02","2019-08-02","181","12321000000","2020-08-26","0000060667-20-000138",""
"LOW","LOWES COMPANIES INC","GrossProfit","2020","Q2","10-Q","2019-05-04","2019-08-02","90","6740000000","2020-08-26","0000060667-20-000138","CY2019Q2"
"LOW","LOWES COMPANIES INC","GrossProfit","2020","Q3","10-Q","2019-02-02","2019-11-01","272","17962000000","2020-11-25","0000060667-20-000175",""
"LOW","LOWES COMPANIES INC","GrossProfit","2020","Q3","10-Q","2019-08-03","2019-11-01","90","5640000000","2020-11-25","0000060667-20-000175","CY2019Q3"
"LOW","LOWES COMPANIES INC","GrossProfit","2020","FY","10-K","2019-02-02","2020-01-31","363","22943000000","2021-03-22","0000060667-21-000026",""
"LOW","LOWES COMPANIES INC","GrossProfit","2021","FY","10-K","2019-02-02","2020-01-31","363","22943000000","2022-03-21","0000060667-22-000038","CY2019"
"LOW","LOWES COMPANIES INC","GrossProfit","2020","Q1","10-Q","2020-02-01","2020-05-01","90","6513000000","2020-05-28","0000060667-20-000085",""
"LOW","LOWES COMPANIES INC","GrossProfit","2021","Q1","10-Q","2020-02-01","2020-05-01","90","6513000000","2021-05-27","0000060667-21-000074","CY2020Q1"
"LOW","LOWES COMPANIES INC","GrossProfit","2020","Q2","10-Q","2020-02-01","2020-07-31","181","15816000000","2020-08-26","0000060667-20-000138",""
"LOW","LOWES COMPANIES INC","GrossProfit","2021","Q2","10-Q","2020-02-01","2020-07-31","181","15816000000","2021-08-26","0000060667-21-000149",""
"LOW","LOWES COMPANIES INC","GrossProfit","2020","Q2","10-Q","2020-05-02","2020-07-31","90","9304000000","2020-08-26","0000060667-20-000138",""
"LOW","LOWES COMPANIES INC","GrossProfit","2021","Q2","10-Q","2020-05-02","2020-07-31","90","9304000000","2021-08-26","0000060667-21-000149","CY2020Q2"
"LOW","LOWES COMPANIES INC","GrossProfit","2020","Q3","10-Q","2020-02-01","2020-10-30","272","23116000000","2020-11-25","0000060667-20-000175",""
"LOW","LOWES COMPANIES INC","GrossProfit","2021","Q3","10-Q","2020-02-01","2020-10-30","272","23116000000","2021-11-24","0000060667-21-000168",""
"LOW","LOWES COMPANIES INC","GrossProfit","2020","Q3","10-Q","2020-08-01","2020-10-30","90","7300000000","2020-11-25","0000060667-20-000175",""
"LOW","LOWES COMPANIES INC","GrossProfit","2021","Q3","10-Q","2020-08-01","2020-10-30","90","7300000000","2021-11-24","0000060667-21-000168","CY2020Q3"
"LOW","LOWES COMPANIES INC","GrossProfit","2020","FY","10-K","2020-02-01","2021-01-29","363","29572000000","2021-03-22","0000060667-21-000026",""
"LOW","LOWES COMPANIES INC","GrossProfit","2021","FY","10-K","2020-02-01","2021-01-29","363","29572000000","2022-03-21","0000060667-22-000038",""
"LOW","LOWES COMPANIES INC","GrossProfit","2022","FY","10-K","2020-02-01","2021-01-29","363","29572000000","2023-03-27","0000060667-23-000034","CY2020"
"LOW","LOWES COMPANIES INC","GrossProfit","2021","Q1","10-Q","2021-01-30","2021-04-30","90","8130000000","2021-05-27","0000060667-21-000074",""
"LOW","LOWES COMPANIES INC","GrossProfit","2022","Q1","10-Q","2021-01-30","2021-04-30","90","8130000000","2022-05-26","0000060667-22-000079","CY2021Q1"
"LOW","LOWES COMPANIES INC","GrossProfit","2021","Q2","10-Q","2021-01-30","2021-07-30","181","17442000000","2021-08-26","0000060667-21-000149",""
"LOW","LOWES COMPANIES INC","GrossProfit","2022","Q2","10-Q","2021-01-30","2021-07-30","181","17442000000","2022-08-25","0000060667-22-000139",""
"LOW","LOWES COMPANIES INC","GrossProfit","2021","Q2","10-Q","2021-05-01","2021-07-30","90","9312000000","2021-08-26","0000060667-21-000149",""
"LOW","LOWES COMPANIES INC","GrossProfit","2022","Q2","10-Q","2021-05-01","2021-07-30","90","9312000000","2022-08-25","0000060667-22-000139","CY2021Q2"
"LOW","LOWES COMPANIES INC","GrossProfit","2021","Q3","10-Q","2021-01-30","2021-10-29","272","25029000000","2021-11-24","0000060667-21-000168",""
"LOW","LOWES COMPANIES INC","GrossProfit","2022","Q3","10-Q","2021-01-30","2021-10-29","272","25029000000","2022-11-23","0000060667-22-000170",""
"LOW","LOWES COMPANIES INC","GrossProfit","2021","Q3","10-Q","2021-07-31","2021-10-29","90","7587000000","2021-11-24","0000060667-21-000168",""
"LOW","LOWES COMPANIES INC","GrossProfit","2022","Q3","10-Q","2021-07-31","2021-10-29","90","7587000000","2022-11-23","0000060667-22-000170","CY2021Q3"
"LOW","LOWES COMPANIES INC","GrossProfit","2021","FY","10-K","2021-01-30","2022-01-28","363","32056000000","2022-03-21","0000060667-22-000038",""
"LOW","LOWES COMPANIES INC","GrossProfit","2022","FY","10-K","2021-01-30","2022-01-28","363","32056000000","2023-03-27","0000060667-23-000034",""
"LOW","LOWES COMPANIES INC","GrossProfit","2023","FY","10-K","2021-01-30","2022-01-28","363","32056000000","2024-03-25","0000060667-24-000033","CY2021"
"LOW","LOWES COMPANIES INC","GrossProfit","2022","Q1","10-Q","2022-01-29","2022-04-29","90","8050000000","2022-05-26","0000060667-22-000079",""
"LOW","LOWES COMPANIES INC","GrossProfit","2023","Q1","10-Q","2022-01-29","2022-04-29","90","8050000000","2023-06-01","0000060667-23-000114","CY2022Q1"
"LOW","LOWES COMPANIES INC","GrossProfit","2022","Q2","10-Q","2022-01-29","2022-07-29","181","17183000000","2022-08-25","0000060667-22-000139",""
"LOW","LOWES COMPANIES INC","GrossProfit","2023","Q2","10-Q","2022-01-29","2022-07-29","181","17183000000","2023-08-30","0000060667-23-000139",""
"LOW","LOWES COMPANIES INC","GrossProfit","2022","Q2","10-Q","2022-04-30","2022-07-29","90","9133000000","2022-08-25","0000060667-22-000139",""
"LOW","LOWES COMPANIES INC","GrossProfit","2023","Q2","10-Q","2022-04-30","2022-07-29","90","9133000000","2023-08-30","0000060667-23-000139","CY2022Q2"
"LOW","LOWES COMPANIES INC","GrossProfit","2022","Q3","10-Q","2022-01-29","2022-10-28","272","25000000000","2022-11-23","0000060667-22-000170",""
"LOW","LOWES COMPANIES INC","GrossProfit","2023","Q3","10-Q","2022-01-29","2022-10-28","272","25000000000","2023-11-29","0000060667-23-000164",""
"LOW","LOWES COMPANIES INC","GrossProfit","2022","Q3","10-Q","2022-07-30","2022-10-28","90","7818000000","2022-11-23","0000060667-22-000170",""
"LOW","LOWES COMPANIES INC","GrossProfit","2023","Q3","10-Q","2022-07-30","2022-10-28","90","7818000000","2023-11-29","0000060667-23-000164","CY2022Q3"
"LOW","LOWES COMPANIES INC","GrossProfit","2022","FY","10-K","2022-01-29","2023-02-03","370","32257000000","2023-03-27","0000060667-23-000034",""
"LOW","LOWES COMPANIES INC","GrossProfit","2023","FY","10-K","2022-01-29","2023-02-03","370","32257000000","2024-03-25","0000060667-24-000033",""
"LOW","LOWES COMPANIES INC","GrossProfit","2024","FY","10-K","2022-01-29","2023-02-03","370","32257000000","2025-03-24","0000060667-25-000049","CY2022"
"LOW","LOWES COMPANIES INC","GrossProfit","2023","Q1","10-Q","2023-02-04","2023-05-05","90","7527000000","2023-06-01","0000060667-23-000114",""
"LOW","LOWES COMPANIES INC","GrossProfit","2024","Q1","10-Q","2023-02-04","2023-05-05","90","7527000000","2024-05-30","0000060667-24-000085","CY2023Q1"
"LOW","LOWES COMPANIES INC","GrossProfit","2023","Q2","10-Q","2023-02-04","2023-08-04","181","15926000000","2023-08-30","0000060667-23-000139",""
"LOW","LOWES COMPANIES INC","GrossProfit","2024","Q2","10-Q","2023-02-04","2023-08-04","181","15926000000","2024-08-29","0000060667-24-000140",""
"LOW","LOWES COMPANIES INC","GrossProfit","2023","Q2","10-Q","2023-05-06","2023-08-04","90","8399000000","2023-08-30","0000060667-23-000139",""
"LOW","LOWES COMPANIES INC","GrossProfit","2024","Q2","10-Q","2023-05-06","2023-08-04","90","8399000000","2024-08-29","0000060667-24-000140","CY2023Q2"
"LOW","LOWES COMPANIES INC","GrossProfit","2023","Q3","10-Q","2023-02-04","2023-11-03","272","22817000000","2023-11-29","0000060667-23-000164",""
"LOW","LOWES COMPANIES INC","GrossProfit","2024","Q3","10-Q","2023-02-04","2023-11-03","272","22817000000","2024-11-27","0000060667-24-000169",""
"LOW","LOWES COMPANIES INC","GrossProfit","2023","Q3","10-Q","2023-08-05","2023-11-03","90","6891000000","2023-11-29","0000060667-23-000164",""
"LOW","LOWES COMPANIES INC","GrossProfit","2024","Q3","10-Q","2023-08-05","2023-11-03","90","6891000000","2024-11-27","0000060667-24-000169","CY2023Q3"
"LOW","LOWES COMPANIES INC","GrossProfit","2023","FY","10-K","2023-02-04","2024-02-02","363","28844000000","2024-03-25","0000060667-24-000033",""
"LOW","LOWES COMPANIES INC","GrossProfit","2024","FY","10-K","2023-02-04","2024-02-02","363","28844000000","2025-03-24","0000060667-25-000049",""
"LOW","LOWES COMPANIES INC","GrossProfit","2025","FY","10-K","2023-02-04","2024-02-02","363","28844000000","2026-03-23","0000060667-26-000029","CY2023"
"LOW","LOWES COMPANIES INC","GrossProfit","2024","Q1","10-Q","2024-02-03","2024-05-03","90","7090000000","2024-05-30","0000060667-24-000085",""
"LOW","LOWES COMPANIES INC","GrossProfit","2025","Q1","10-Q","2024-02-03","2024-05-03","90","7090000000","2025-05-29","0000060667-25-000104","CY2024Q1"
"LOW","LOWES COMPANIES INC","GrossProfit","2024","Q2","10-Q","2024-02-03","2024-08-02","181","14985000000","2024-08-29","0000060667-24-000140",""
"LOW","LOWES COMPANIES INC","GrossProfit","2025","Q2","10-Q","2024-02-03","2024-08-02","181","14985000000","2025-08-28","0000060667-25-000174",""
"LOW","LOWES COMPANIES INC","GrossProfit","2024","Q2","10-Q","2024-05-04","2024-08-02","90","7895000000","2024-08-29","0000060667-24-000140",""
"LOW","LOWES COMPANIES INC","GrossProfit","2025","Q2","10-Q","2024-05-04","2024-08-02","90","7895000000","2025-08-28","0000060667-25-000174","CY2024Q2"
"LOW","LOWES COMPANIES INC","GrossProfit","2024","Q3","10-Q","2024-02-03","2024-11-01","272","21780000000","2024-11-27","0000060667-24-000169",""
"LOW","LOWES COMPANIES INC","GrossProfit","2025","Q3","10-Q","2024-02-03","2024-11-01","272","21780000000","2025-11-26","0000060667-25-000210",""
"LOW","LOWES COMPANIES INC","GrossProfit","2024","Q3","10-Q","2024-08-03","2024-11-01","90","6796000000","2024-11-27","0000060667-24-000169",""
"LOW","LOWES COMPANIES INC","GrossProfit","2025","Q3","10-Q","2024-08-03","2024-11-01","90","6796000000","2025-11-26","0000060667-25-000210","CY2024Q3"
"LOW","LOWES COMPANIES INC","GrossProfit","2024","FY","10-K","2024-02-03","2025-01-31","363","27877000000","2025-03-24","0000060667-25-000049",""
"LOW","LOWES COMPANIES INC","GrossProfit","2025","FY","10-K","2024-02-03","2025-01-31","363","27877000000","2026-03-23","0000060667-26-000029","CY2024"
"LOW","LOWES COMPANIES INC","GrossProfit","2025","Q1","10-Q","2025-02-01","2025-05-02","90","6986000000","2025-05-29","0000060667-25-000104",""
"LOW","LOWES COMPANIES INC","GrossProfit","2026","Q1","10-Q","2025-02-01","2025-05-02","90","6986000000","2026-05-28","0000060667-26-000072","CY2025Q1"
"LOW","LOWES COMPANIES INC","GrossProfit","2025","Q2","10-Q","2025-02-01","2025-08-01","181","15088000000","2025-08-28","0000060667-25-000174",""
"LOW","LOWES COMPANIES INC","GrossProfit","2026","Q2","10-Q","2025-02-01","2025-08-01","181","15088000000","2026-08-27","0000060667-26-000117",""
"LOW","LOWES COMPANIES INC","GrossProfit","2025","Q2","10-Q","2025-05-03","2025-08-01","90","8101000000","2025-08-28","0000060667-25-000174",""
"LOW","LOWES COMPANIES INC","GrossProfit","2026","Q2","10-Q","2025-05-03","2025-08-01","90","8101000000","2026-08-27","0000060667-26-000117","CY2025Q2"
"LOW","LOWES COMPANIES INC","GrossProfit","2025","Q3","10-Q","2025-02-01","2025-10-31","272","22204000000","2025-11-26","0000060667-25-000210",""
"LOW","LOWES COMPANIES INC","GrossProfit","2025","Q3","10-Q","2025-08-02","2025-10-31","90","7116000000","2025-11-26","0000060667-25-000210","CY2025Q3"
"LOW","LOWES COMPANIES INC","GrossProfit","2025","FY","10-K","2025-02-01","2026-01-30","363","28885000000","2026-03-23","0000060667-26-000029","CY2025"
"LOW","LOWES COMPANIES INC","GrossProfit","2026","Q1","10-Q","2026-01-31","2026-05-01","90","7543000000","2026-05-28","0000060667-26-000072","CY2026Q1"
"LOW","LOWES COMPANIES INC","GrossProfit","2026","Q2","10-Q","2026-01-31","2026-07-31","181","16120000000","2026-08-27","0000060667-26-000117",""
"LOW","LOWES COMPANIES INC","GrossProfit","2026","Q2","10-Q","2026-05-02","2026-07-31","90","8577000000","2026-08-27","0000060667-26-000117","CY2026Q2"
"LOW","LOWES COMPANIES INC","SellingGeneralAndAdministrativeExpense","2020","FY","10-K","2018-02-03","2019-02-01","363","17413000000","2021-03-22","0000060667-21-000026","CY2018"
"LOW","LOWES COMPANIES INC","SellingGeneralAndAdministrativeExpense","2020","Q1","10-Q","2019-02-02","2019-05-03","90","3862000000","2020-05-28","0000060667-20-000085","CY2019Q1"
"LOW","LOWES COMPANIES INC","SellingGeneralAndAdministrativeExpense","2020","Q2","10-Q","2019-02-02","2019-08-02","181","7909000000","2020-08-26","0000060667-20-000138",""
"LOW","LOWES COMPANIES INC","SellingGeneralAndAdministrativeExpense","2020","Q2","10-Q","2019-05-04","2019-08-02","90","4048000000","2020-08-26","0000060667-20-000138","CY2019Q2"
"LOW","LOWES COMPANIES INC","SellingGeneralAndAdministrativeExpense","2020","Q3","10-Q","2019-02-02","2019-11-01","272","11682000000","2020-11-25","0000060667-20-000175",""
"LOW","LOWES COMPANIES INC","SellingGeneralAndAdministrativeExpense","2020","Q3","10-Q","2019-08-03","2019-11-01","90","3772000000","2020-11-25","0000060667-20-000175","CY2019Q3"
"LOW","LOWES COMPANIES INC","SellingGeneralAndAdministrativeExpense","2020","FY","10-K","2019-02-02","2020-01-31","363","15367000000","2021-03-22","0000060667-21-000026",""
"LOW","LOWES COMPANIES INC","SellingGeneralAndAdministrativeExpense","2021","FY","10-K","2019-02-02","2020-01-31","363","15367000000","2022-03-21","0000060667-22-000038","CY2019"
"LOW","LOWES COMPANIES INC","SellingGeneralAndAdministrativeExpense","2020","Q1","10-Q","2020-02-01","2020-05-01","90","4196000000","2020-05-28","0000060667-20-000085",""
"LOW","LOWES COMPANIES INC","SellingGeneralAndAdministrativeExpense","2021","Q1","10-Q","2020-02-01","2020-05-01","90","4196000000","2021-05-27","0000060667-21-000074","CY2020Q1"
"LOW","LOWES COMPANIES INC","SellingGeneralAndAdministrativeExpense","2020","Q2","10-Q","2020-02-01","2020-07-31","181","9215000000","2020-08-26","0000060667-20-000138",""
"LOW","LOWES COMPANIES INC","SellingGeneralAndAdministrativeExpense","2021","Q2","10-Q","2020-02-01","2020-07-31","181","9215000000","2021-08-26","0000060667-21-000149",""
"LOW","LOWES COMPANIES INC","SellingGeneralAndAdministrativeExpense","2020","Q2","10-Q","2020-05-02","2020-07-31","90","5020000000","2020-08-26","0000060667-20-000138",""
"LOW","LOWES COMPANIES INC","SellingGeneralAndAdministrativeExpense","2021","Q2","10-Q","2020-05-02","2020-07-31","90","5020000000","2021-08-26","0000060667-21-000149","CY2020Q2"
"LOW","LOWES COMPANIES INC","SellingGeneralAndAdministrativeExpense","2020","Q3","10-Q","2020-02-01","2020-10-30","272","13985000000","2020-11-25","0000060667-20-000175",""
"LOW","LOWES COMPANIES INC","SellingGeneralAndAdministrativeExpense","2021","Q3","10-Q","2020-02-01","2020-10-30","272","13985000000","2021-11-24","0000060667-21-000168",""
"LOW","LOWES COMPANIES INC","SellingGeneralAndAdministrativeExpense","2020","Q3","10-Q","2020-08-01","2020-10-30","90","4770000000","2020-11-25","0000060667-20-000175",""
"LOW","LOWES COMPANIES INC","SellingGeneralAndAdministrativeExpense","2021","Q3","10-Q","2020-08-01","2020-10-30","90","4770000000","2021-11-24","0000060667-21-000168","CY2020Q3"
"LOW","LOWES COMPANIES INC","SellingGeneralAndAdministrativeExpense","2020","FY","10-K","2020-02-01","2021-01-29","363","18526000000","2021-03-22","0000060667-21-000026",""
"LOW","LOWES COMPANIES INC","SellingGeneralAndAdministrativeExpense","2021","FY","10-K","2020-02-01","2021-01-29","363","18526000000","2022-03-21","0000060667-22-000038",""
"LOW","LOWES COMPANIES INC","SellingGeneralAndAdministrativeExpense","2022","FY","10-K","2020-02-01","2021-01-29","363","18526000000","2023-03-27","0000060667-23-000034","CY2020"
"LOW","LOWES COMPANIES INC","SellingGeneralAndAdministrativeExpense","2021","Q1","10-Q","2021-01-30","2021-04-30","90","4494000000","2021-05-27","0000060667-21-000074",""
"LOW","LOWES COMPANIES INC","SellingGeneralAndAdministrativeExpense","2022","Q1","10-Q","2021-01-30","2021-04-30","90","4494000000","2022-05-26","0000060667-22-000079","CY2021Q1"
"LOW","LOWES COMPANIES INC","SellingGeneralAndAdministrativeExpense","2021","Q2","10-Q","2021-01-30","2021-07-30","181","9187000000","2021-08-26","0000060667-21-000149",""
"LOW","LOWES COMPANIES INC","SellingGeneralAndAdministrativeExpense","2022","Q2","10-Q","2021-01-30","2021-07-30","181","9187000000","2022-08-25","0000060667-22-000139",""
"LOW","LOWES COMPANIES INC","SellingGeneralAndAdministrativeExpense","2021","Q2","10-Q","2021-05-01","2021-07-30","90","4693000000","2021-08-26","0000060667-21-000149",""
"LOW","LOWES COMPANIES INC","SellingGeneralAndAdministrativeExpense","2022","Q2","10-Q","2021-05-01","2021-07-30","90","4693000000","2022-08-25","0000060667-22-000139","CY2021Q2"
"LOW","LOWES COMPANIES INC","SellingGeneralAndAdministrativeExpense","2021","Q3","10-Q","2021-01-30","2021-10-29","272","13559000000","2021-11-24","0000060667-21-000168",""
"LOW","LOWES COMPANIES INC","SellingGeneralAndAdministrativeExpense","2022","Q3","10-Q","2021-01-30","2021-10-29","272","13559000000","2022-11-23","0000060667-22-000170",""
"LOW","LOWES COMPANIES INC","SellingGeneralAndAdministrativeExpense","2021","Q3","10-Q","2021-07-31","2021-10-29","90","4373000000","2021-11-24","0000060667-21-000168",""
"LOW","LOWES COMPANIES INC","SellingGeneralAndAdministrativeExpense","2022","Q3","10-Q","2021-07-31","2021-10-29","90","4373000000","2022-11-23","0000060667-22-000170","CY2021Q3"
"LOW","LOWES COMPANIES INC","SellingGeneralAndAdministrativeExpense","2021","FY","10-K","2021-01-30","2022-01-28","363","18301000000","2022-03-21","0000060667-22-000038",""
"LOW","LOWES COMPANIES INC","SellingGeneralAndAdministrativeExpense","2022","FY","10-K","2021-01-30","2022-01-28","363","18301000000","2023-03-27","0000060667-23-000034",""
"LOW","LOWES COMPANIES INC","SellingGeneralAndAdministrativeExpense","2023","FY","10-K","2021-01-30","2022-01-28","363","18301000000","2024-03-25","0000060667-24-000033","CY2021"
"LOW","LOWES COMPANIES INC","SellingGeneralAndAdministrativeExpense","2022","Q1","10-Q","2022-01-29","2022-04-29","90","4303000000","2022-05-26","0000060667-22-000079",""
"LOW","LOWES COMPANIES INC","SellingGeneralAndAdministrativeExpense","2023","Q1","10-Q","2022-01-29","2022-04-29","90","4303000000","2023-06-01","0000060667-23-000114","CY2022Q1"
"LOW","LOWES COMPANIES INC","SellingGeneralAndAdministrativeExpense","2022","Q2","10-Q","2022-01-29","2022-07-29","181","8758000000","2022-08-25","0000060667-22-000139",""
"LOW","LOWES COMPANIES INC","SellingGeneralAndAdministrativeExpense","2023","Q2","10-Q","2022-01-29","2022-07-29","181","8758000000","2023-08-30","0000060667-23-000139",""
"LOW","LOWES COMPANIES INC","SellingGeneralAndAdministrativeExpense","2022","Q2","10-Q","2022-04-30","2022-07-29","90","4455000000","2022-08-25","0000060667-22-000139",""
"LOW","LOWES COMPANIES INC","SellingGeneralAndAdministrativeExpense","2023","Q2","10-Q","2022-04-30","2022-07-29","90","4455000000","2023-08-30","0000060667-23-000139","CY2022Q2"
"LOW","LOWES COMPANIES INC","SellingGeneralAndAdministrativeExpense","2022","Q3","10-Q","2022-01-29","2022-10-28","272","15200000000","2022-11-23","0000060667-22-000170",""
"LOW","LOWES COMPANIES INC","SellingGeneralAndAdministrativeExpense","2023","Q3","10-Q","2022-01-29","2022-10-28","272","15200000000","2023-11-29","0000060667-23-000164",""
"LOW","LOWES COMPANIES INC","SellingGeneralAndAdministrativeExpense","2022","Q3","10-Q","2022-07-30","2022-10-28","90","6443000000","2022-11-23","0000060667-22-000170",""
"LOW","LOWES COMPANIES INC","SellingGeneralAndAdministrativeExpense","2023","Q3","10-Q","2022-07-30","2022-10-28","90","6443000000","2023-11-29","0000060667-23-000164","CY2022Q3"
"LOW","LOWES COMPANIES INC","SellingGeneralAndAdministrativeExpense","2022","FY","10-K","2022-01-29","2023-02-03","370","20332000000","2023-03-27","0000060667-23-000034",""
"LOW","LOWES COMPANIES INC","SellingGeneralAndAdministrativeExpense","2023","FY","10-K","2022-01-29","2023-02-03","370","20332000000","2024-03-25","0000060667-24-000033",""
"LOW","LOWES COMPANIES INC","SellingGeneralAndAdministrativeExpense","2024","FY","10-K","2022-01-29","2023-02-03","370","20332000000","2025-03-24","0000060667-25-000049","CY2022"
"LOW","LOWES COMPANIES INC","SellingGeneralAndAdministrativeExpense","2023","Q1","10-Q","2023-02-04","2023-05-05","90","3824000000","2023-06-01","0000060667-23-000114",""
"LOW","LOWES COMPANIES INC","SellingGeneralAndAdministrativeExpense","2024","Q1","10-Q","2023-02-04","2023-05-05","90","3824000000","2024-05-30","0000060667-24-000085","CY2023Q1"
"LOW","LOWES COMPANIES INC","SellingGeneralAndAdministrativeExpense","2023","Q2","10-Q","2023-02-04","2023-08-04","181","7912000000","2023-08-30","0000060667-23-000139",""
"LOW","LOWES COMPANIES INC","SellingGeneralAndAdministrativeExpense","2024","Q2","10-Q","2023-02-04","2023-08-04","181","7912000000","2024-08-29","0000060667-24-000140",""
"LOW","LOWES COMPANIES INC","SellingGeneralAndAdministrativeExpense","2023","Q2","10-Q","2023-05-06","2023-08-04","90","4086000000","2023-08-30","0000060667-23-000139",""
"LOW","LOWES COMPANIES INC","SellingGeneralAndAdministrativeExpense","2024","Q2","10-Q","2023-05-06","2023-08-04","90","4086000000","2024-08-29","0000060667-24-000140","CY2023Q2"
"LOW","LOWES COMPANIES INC","SellingGeneralAndAdministrativeExpense","2023","Q3","10-Q","2023-02-04","2023-11-03","272","11673000000","2023-11-29","0000060667-23-000164",""
"LOW","LOWES COMPANIES INC","SellingGeneralAndAdministrativeExpense","2024","Q3","10-Q","2023-02-04","2023-11-03","272","11673000000","2024-11-27","0000060667-24-000169",""
"LOW","LOWES COMPANIES INC","SellingGeneralAndAdministrativeExpense","2023","Q3","10-Q","2023-08-05","2023-11-03","90","3761000000","2023-11-29","0000060667-23-000164",""
"LOW","LOWES COMPANIES INC","SellingGeneralAndAdministrativeExpense","2024","Q3","10-Q","2023-08-05","2023-11-03","90","3761000000","2024-11-27","0000060667-24-000169","CY2023Q3"
"LOW","LOWES COMPANIES INC","SellingGeneralAndAdministrativeExpense","2023","FY","10-K","2023-02-04","2024-02-02","363","15570000000","2024-03-25","0000060667-24-000033",""
"LOW","LOWES COMPANIES INC","SellingGeneralAndAdministrativeExpense","2024","FY","10-K","2023-02-04","2024-02-02","363","15570000000","2025-03-24","0000060667-25-000049",""
"LOW","LOWES COMPANIES INC","SellingGeneralAndAdministrativeExpense","2025","FY","10-K","2023-02-04","2024-02-02","363","15570000000","2026-03-23","0000060667-26-000029","CY2023"
"LOW","LOWES COMPANIES INC","SellingGeneralAndAdministrativeExpense","2024","Q1","10-Q","2024-02-03","2024-05-03","90","4009000000","2024-05-30","0000060667-24-000085",""
"LOW","LOWES COMPANIES INC","SellingGeneralAndAdministrativeExpense","2025","Q1","10-Q","2024-02-03","2024-05-03","90","4009000000","2025-05-29","0000060667-25-000104","CY2024Q1"
"LOW","LOWES COMPANIES INC","SellingGeneralAndAdministrativeExpense","2024","Q2","10-Q","2024-02-03","2024-08-02","181","8034000000","2024-08-29","0000060667-24-000140",""
"LOW","LOWES COMPANIES INC","SellingGeneralAndAdministrativeExpense","2025","Q2","10-Q","2024-02-03","2024-08-02","181","8034000000","2025-08-28","0000060667-25-000174",""
"LOW","LOWES COMPANIES INC","SellingGeneralAndAdministrativeExpense","2024","Q2","10-Q","2024-05-04","2024-08-02","90","4025000000","2024-08-29","0000060667-24-000140",""
"LOW","LOWES COMPANIES INC","SellingGeneralAndAdministrativeExpense","2025","Q2","10-Q","2024-05-04","2024-08-02","90","4025000000","2025-08-28","0000060667-25-000174","CY2024Q2"
"LOW","LOWES COMPANIES INC","SellingGeneralAndAdministrativeExpense","2024","Q3","10-Q","2024-02-03","2024-11-01","272","11860000000","2024-11-27","0000060667-24-000169",""
"LOW","LOWES COMPANIES INC","SellingGeneralAndAdministrativeExpense","2025","Q3","10-Q","2024-02-03","2024-11-01","272","11860000000","2025-11-26","0000060667-25-000210",""
"LOW","LOWES COMPANIES INC","SellingGeneralAndAdministrativeExpense","2024","Q3","10-Q","2024-08-03","2024-11-01","90","3827000000","2024-11-27","0000060667-24-000169",""
"LOW","LOWES COMPANIES INC","SellingGeneralAndAdministrativeExpense","2025","Q3","10-Q","2024-08-03","2024-11-01","90","3827000000","2025-11-26","0000060667-25-000210","CY2024Q3"
"LOW","LOWES COMPANIES INC","SellingGeneralAndAdministrativeExpense","2024","FY","10-K","2024-02-03","2025-01-31","363","15682000000","2025-03-24","0000060667-25-000049",""
"LOW","LOWES COMPANIES INC","SellingGeneralAndAdministrativeExpense","2025","FY","10-K","2024-02-03","2025-01-31","363","15682000000","2026-03-23","0000060667-26-000029","CY2024"
"LOW","LOWES COMPANIES INC","SellingGeneralAndAdministrativeExpense","2025","Q1","10-Q","2025-02-01","2025-05-02","90","4046000000","2025-05-29","0000060667-25-000104",""
"LOW","LOWES COMPANIES INC","SellingGeneralAndAdministrativeExpense","2026","Q1","10-Q","2025-02-01","2025-05-02","90","4046000000","2026-05-28","0000060667-26-000072","CY2025Q1"
"LOW","LOWES COMPANIES INC","SellingGeneralAndAdministrativeExpense","2025","Q2","10-Q","2025-02-01","2025-08-01","181","8222000000","2025-08-28","0000060667-25-000174",""
"LOW","LOWES COMPANIES INC","SellingGeneralAndAdministrativeExpense","2026","Q2","10-Q","2025-02-01","2025-08-01","181","8222000000","2026-08-27","0000060667-26-000117",""
"LOW","LOWES COMPANIES INC","SellingGeneralAndAdministrativeExpense","2025","Q2","10-Q","2025-05-03","2025-08-01","90","4175000000","2025-08-28","0000060667-25-000174",""
"LOW","LOWES COMPANIES INC","SellingGeneralAndAdministrativeExpense","2026","Q2","10-Q","2025-05-03","2025-08-01","90","4175000000","2026-08-27","0000060667-26-000117","CY2025Q2"
"LOW","LOWES COMPANIES INC","SellingGeneralAndAdministrativeExpense","2025","Q3","10-Q","2025-02-01","2025-10-31","272","12381000000","2025-11-26","0000060667-25-000210",""
"LOW","LOWES COMPANIES INC","SellingGeneralAndAdministrativeExpense","2025","Q3","10-Q","2025-08-02","2025-10-31","90","4160000000","2025-11-26","0000060667-25-000210","CY2025Q3"
"LOW","LOWES COMPANIES INC","SellingGeneralAndAdministrativeExpense","2025","FY","10-K","2025-02-01","2026-01-30","363","16791000000","2026-03-23","0000060667-26-000029","CY2025"
"LOW","LOWES COMPANIES INC","SellingGeneralAndAdministrativeExpense","2026","Q1","10-Q","2026-01-31","2026-05-01","90","4423000000","2026-05-28","0000060667-26-000072","CY2026Q1"
"LOW","LOWES COMPANIES INC","SellingGeneralAndAdministrativeExpense","2026","Q2","10-Q","2026-01-31","2026-07-31","181","8879000000","2026-08-27","0000060667-26-000117",""
"LOW","LOWES COMPANIES INC","SellingGeneralAndAdministrativeExpense","2026","Q2","10-Q","2026-05-02","2026-07-31","90","4456000000","2026-08-27","0000060667-26-000117","CY2026Q2"
"LOW","LOWES COMPANIES INC","DepreciationDepletionAndAmortization","2020","FY","10-K","2018-02-03","2019-02-01","363","1607000000","2021-03-22","0000060667-21-000026","CY2018"
"LOW","LOWES COMPANIES INC","DepreciationDepletionAndAmortization","2020","Q1","10-Q","2019-02-02","2019-05-03","90","337000000","2020-05-28","0000060667-20-000085","CY2019Q1"
"LOW","LOWES COMPANIES INC","DepreciationDepletionAndAmortization","2020","Q2","10-Q","2019-02-02","2019-08-02","181","684000000","2020-08-26","0000060667-20-000138",""
"LOW","LOWES COMPANIES INC","DepreciationDepletionAndAmortization","2020","Q3","10-Q","2019-02-02","2019-11-01","272","1029000000","2020-11-25","0000060667-20-000175",""
"LOW","LOWES COMPANIES INC","DepreciationDepletionAndAmortization","2020","FY","10-K","2019-02-02","2020-01-31","363","1410000000","2021-03-22","0000060667-21-000026",""
"LOW","LOWES COMPANIES INC","DepreciationDepletionAndAmortization","2021","FY","10-K","2019-02-02","2020-01-31","363","1410000000","2022-03-21","0000060667-22-000038","CY2019"
"LOW","LOWES COMPANIES INC","DepreciationDepletionAndAmortization","2020","Q1","10-Q","2020-02-01","2020-05-01","90","373000000","2020-05-28","0000060667-20-000085",""
"LOW","LOWES COMPANIES INC","DepreciationDepletionAndAmortization","2021","Q1","10-Q","2020-02-01","2020-05-01","90","373000000","2021-05-27","0000060667-21-000074","CY2020Q1"
"LOW","LOWES COMPANIES INC","DepreciationDepletionAndAmortization","2020","Q2","10-Q","2020-02-01","2020-07-31","181","747000000","2020-08-26","0000060667-20-000138",""
"LOW","LOWES COMPANIES INC","DepreciationDepletionAndAmortization","2021","Q2","10-Q","2020-02-01","2020-07-31","181","747000000","2021-08-26","0000060667-21-000149",""
"LOW","LOWES COMPANIES INC","DepreciationDepletionAndAmortization","2020","Q3","10-Q","2020-02-01","2020-10-30","272","1152000000","2020-11-25","0000060667-20-000175",""
"LOW","LOWES COMPANIES INC","DepreciationDepletionAndAmortization","2021","Q3","10-Q","2020-02-01","2020-10-30","272","1152000000","2021-11-24","0000060667-21-000168",""
"LOW","LOWES COMPANIES INC","DepreciationDepletionAndAmortization","2020","FY","10-K","2020-02-01","2021-01-29","363","1594000000","2021-03-22","0000060667-21-000026",""
"LOW","LOWES COMPANIES INC","DepreciationDepletionAndAmortization","2021","FY","10-K","2020-02-01","2021-01-29","363","1594000000","2022-03-21","0000060667-22-000038",""
"LOW","LOWES COMPANIES INC","DepreciationDepletionAndAmortization","2022","FY","10-K","2020-02-01","2021-01-29","363","1594000000","2023-03-27","0000060667-23-000034","CY2020"
"LOW","LOWES COMPANIES INC","DepreciationDepletionAndAmortization","2021","Q1","10-Q","2021-01-30","2021-04-30","90","443000000","2021-05-27","0000060667-21-000074",""
"LOW","LOWES COMPANIES INC","DepreciationDepletionAndAmortization","2022","Q1","10-Q","2021-01-30","2021-04-30","90","443000000","2022-05-26","0000060667-22-000079","CY2021Q1"
"LOW","LOWES COMPANIES INC","DepreciationDepletionAndAmortization","2021","Q2","10-Q","2021-01-30","2021-07-30","181","907000000","2021-08-26","0000060667-21-000149",""
"LOW","LOWES COMPANIES INC","DepreciationDepletionAndAmortization","2022","Q2","10-Q","2021-01-30","2021-07-30","181","907000000","2022-08-25","0000060667-22-000139",""
"LOW","LOWES COMPANIES INC","DepreciationDepletionAndAmortization","2021","Q3","10-Q","2021-01-30","2021-10-29","272","1388000000","2021-11-24","0000060667-21-000168",""
"LOW","LOWES COMPANIES INC","DepreciationDepletionAndAmortization","2022","Q3","10-Q","2021-01-30","2021-10-29","272","1388000000","2022-11-23","0000060667-22-000170",""
"LOW","LOWES COMPANIES INC","DepreciationDepletionAndAmortization","2021","FY","10-K","2021-01-30","2022-01-28","363","1882000000","2022-03-21","0000060667-22-000038",""
"LOW","LOWES COMPANIES INC","DepreciationDepletionAndAmortization","2022","FY","10-K","2021-01-30","2022-01-28","363","1882000000","2023-03-27","0000060667-23-000034",""
"LOW","LOWES COMPANIES INC","DepreciationDepletionAndAmortization","2023","FY","10-K","2021-01-30","2022-01-28","363","1882000000","2024-03-25","0000060667-24-000033","CY2021"
"LOW","LOWES COMPANIES INC","DepreciationDepletionAndAmortization","2022","Q1","10-Q","2022-01-29","2022-04-29","90","503000000","2022-05-26","0000060667-22-000079",""
"LOW","LOWES COMPANIES INC","DepreciationDepletionAndAmortization","2023","Q1","10-Q","2022-01-29","2022-04-29","90","503000000","2023-06-01","0000060667-23-000114","CY2022Q1"
"LOW","LOWES COMPANIES INC","DepreciationDepletionAndAmortization","2022","Q2","10-Q","2022-01-29","2022-07-29","181","1007000000","2022-08-25","0000060667-22-000139",""
"LOW","LOWES COMPANIES INC","DepreciationDepletionAndAmortization","2023","Q2","10-Q","2022-01-29","2022-07-29","181","1007000000","2023-08-30","0000060667-23-000139",""
"LOW","LOWES COMPANIES INC","DepreciationDepletionAndAmortization","2022","Q3","10-Q","2022-01-29","2022-10-28","272","1509000000","2022-11-23","0000060667-22-000170",""
"LOW","LOWES COMPANIES INC","DepreciationDepletionAndAmortization","2023","Q3","10-Q","2022-01-29","2022-10-28","272","1509000000","2023-11-29","0000060667-23-000164",""
"LOW","LOWES COMPANIES INC","DepreciationDepletionAndAmortization","2022","FY","10-K","2022-01-29","2023-02-03","370","1981000000","2023-03-27","0000060667-23-000034",""
"LOW","LOWES COMPANIES INC","DepreciationDepletionAndAmortization","2023","FY","10-K","2022-01-29","2023-02-03","370","1981000000","2024-03-25","0000060667-24-000033",""
"LOW","LOWES COMPANIES INC","DepreciationDepletionAndAmortization","2024","FY","10-K","2022-01-29","2023-02-03","370","1981000000","2025-03-24","0000060667-25-000049","CY2022"
"LOW","LOWES COMPANIES INC","DepreciationDepletionAndAmortization","2023","Q1","10-Q","2023-02-04","2023-05-05","90","465000000","2023-06-01","0000060667-23-000114",""
"LOW","LOWES COMPANIES INC","DepreciationDepletionAndAmortization","2024","Q1","10-Q","2023-02-04","2023-05-05","90","465000000","2024-05-30","0000060667-24-000085","CY2023Q1"
"LOW","LOWES COMPANIES INC","DepreciationDepletionAndAmortization","2023","Q2","10-Q","2023-02-04","2023-08-04","181","941000000","2023-08-30","0000060667-23-000139",""
"LOW","LOWES COMPANIES INC","DepreciationDepletionAndAmortization","2024","Q2","10-Q","2023-02-04","2023-08-04","181","941000000","2024-08-29","0000060667-24-000140",""
"LOW","LOWES COMPANIES INC","DepreciationDepletionAndAmortization","2023","Q3","10-Q","2023-02-04","2023-11-03","272","1427000000","2023-11-29","0000060667-23-000164",""
"LOW","LOWES COMPANIES INC","DepreciationDepletionAndAmortization","2024","Q3","10-Q","2023-02-04","2023-11-03","272","1427000000","2024-11-27","0000060667-24-000169",""
"LOW","LOWES COMPANIES INC","DepreciationDepletionAndAmortization","2023","FY","10-K","2023-02-04","2024-02-02","363","1923000000","2024-03-25","0000060667-24-000033",""
"LOW","LOWES COMPANIES INC","DepreciationDepletionAndAmortization","2024","FY","10-K","2023-02-04","2024-02-02","363","1923000000","2025-03-24","0000060667-25-000049",""
"LOW","LOWES COMPANIES INC","DepreciationDepletionAndAmortization","2025","FY","10-K","2023-02-04","2024-02-02","363","1923000000","2026-03-23","0000060667-26-000029","CY2023"
"LOW","LOWES COMPANIES INC","DepreciationDepletionAndAmortization","2024","Q1","10-Q","2024-02-03","2024-05-03","90","486000000","2024-05-30","0000060667-24-000085",""
"LOW","LOWES COMPANIES INC","DepreciationDepletionAndAmortization","2025","Q1","10-Q","2024-02-03","2024-05-03","90","486000000","2025-05-29","0000060667-25-000104","CY2024Q1"
"LOW","LOWES COMPANIES INC","DepreciationDepletionAndAmortization","2024","Q2","10-Q","2024-02-03","2024-08-02","181","967000000","2024-08-29","0000060667-24-000140",""
"LOW","LOWES COMPANIES INC","DepreciationDepletionAndAmortization","2025","Q2","10-Q","2024-02-03","2024-08-02","181","967000000","2025-08-28","0000060667-25-000174",""
"LOW","LOWES COMPANIES INC","DepreciationDepletionAndAmortization","2024","Q3","10-Q","2024-02-03","2024-11-01","272","1461000000","2024-11-27","0000060667-24-000169",""
"LOW","LOWES COMPANIES INC","DepreciationDepletionAndAmortization","2025","Q3","10-Q","2024-02-03","2024-11-01","272","1461000000","2025-11-26","0000060667-25-000210",""
"LOW","LOWES COMPANIES INC","DepreciationDepletionAndAmortization","2024","FY","10-K","2024-02-03","2025-01-31","363","1972000000","2025-03-24","0000060667-25-000049",""
"LOW","LOWES COMPANIES INC","DepreciationDepletionAndAmortization","2025","FY","10-K","2024-02-03","2025-01-31","363","1972000000","2026-03-23","0000060667-26-000029","CY2024"
"LOW","LOWES COMPANIES INC","DepreciationDepletionAndAmortization","2025","Q1","10-Q","2025-02-01","2025-05-02","90","507000000","2025-05-29","0000060667-25-000104",""
"LOW","LOWES COMPANIES INC","DepreciationDepletionAndAmortization","2026","Q1","10-Q","2025-02-01","2025-05-02","90","507000000","2026-05-28","0000060667-26-000072","CY2025Q1"
"LOW","LOWES COMPANIES INC","DepreciationDepletionAndAmortization","2025","Q2","10-Q","2025-02-01","2025-08-01","181","1022000000","2025-08-28","0000060667-25-000174",""
"LOW","LOWES COMPANIES INC","DepreciationDepletionAndAmortization","2026","Q2","10-Q","2025-02-01","2025-08-01","181","1022000000","2026-08-27","0000060667-26-000117",""
"LOW","LOWES COMPANIES INC","DepreciationDepletionAndAmortization","2025","Q3","10-Q","2025-02-01","2025-10-31","272","1557000000","2025-11-26","0000060667-25-000210",""
"LOW","LOWES COMPANIES INC","DepreciationDepletionAndAmortization","2025","FY","10-K","2025-02-01","2026-01-30","363","2194000000","2026-03-23","0000060667-26-000029","CY2025"
"LOW","LOWES COMPANIES INC","DepreciationDepletionAndAmortization","2026","Q1","10-Q","2026-01-31","2026-05-01","90","644000000","2026-05-28","0000060667-26-000072","CY2026Q1"
"LOW","LOWES COMPANIES INC","DepreciationDepletionAndAmortization","2026","Q2","10-Q","2026-01-31","2026-07-31","181","1292000000","2026-08-27","0000060667-26-000117",""
"LOW","LOWES COMPANIES INC","DepreciationAndAmortization","2020","FY","10-K","2018-02-03","2019-02-01","363","1477000000","2021-03-22","0000060667-21-000026","CY2018"
"LOW","LOWES COMPANIES INC","DepreciationAndAmortization","2020","Q1","10-Q","2019-02-02","2019-05-03","90","302000000","2020-05-28","0000060667-20-000085","CY2019Q1"
"LOW","LOWES COMPANIES INC","DepreciationAndAmortization","2020","Q2","10-Q","2019-02-02","2019-08-02","181","614000000","2020-08-26","0000060667-20-000138",""
"LOW","LOWES COMPANIES INC","DepreciationAndAmortization","2020","Q2","10-Q","2019-05-04","2019-08-02","90","311000000","2020-08-26","0000060667-20-000138","CY2019Q2"
"LOW","LOWES COMPANIES INC","DepreciationAndAmortization","2020","Q3","10-Q","2019-02-02","2019-11-01","272","924000000","2020-11-25","0000060667-20-000175",""
"LOW","LOWES COMPANIES INC","DepreciationAndAmortization","2020","Q3","10-Q","2019-08-03","2019-11-01","90","310000000","2020-11-25","0000060667-20-000175","CY2019Q3"
"LOW","LOWES COMPANIES INC","DepreciationAndAmortization","2020","FY","10-K","2019-02-02","2020-01-31","363","1262000000","2021-03-22","0000060667-21-000026",""
"LOW","LOWES COMPANIES INC","DepreciationAndAmortization","2021","FY","10-K","2019-02-02","2020-01-31","363","1262000000","2022-03-21","0000060667-22-000038","CY2019"
"LOW","LOWES COMPANIES INC","DepreciationAndAmortization","2020","Q1","10-Q","2020-02-01","2020-05-01","90","326000000","2020-05-28","0000060667-20-000085",""
"LOW","LOWES COMPANIES INC","DepreciationAndAmortization","2021","Q1","10-Q","2020-02-01","2020-05-01","90","326000000","2021-05-27","0000060667-21-000074","CY2020Q1"
"LOW","LOWES COMPANIES INC","DepreciationAndAmortization","2020","Q2","10-Q","2020-02-01","2020-07-31","181","653000000","2020-08-26","0000060667-20-000138",""
"LOW","LOWES COMPANIES INC","DepreciationAndAmortization","2021","Q2","10-Q","2020-02-01","2020-07-31","181","653000000","2021-08-26","0000060667-21-000149",""
"LOW","LOWES COMPANIES INC","DepreciationAndAmortization","2020","Q2","10-Q","2020-05-02","2020-07-31","90","327000000","2020-08-26","0000060667-20-000138",""
"LOW","LOWES COMPANIES INC","DepreciationAndAmortization","2021","Q2","10-Q","2020-05-02","2020-07-31","90","327000000","2021-08-26","0000060667-21-000149","CY2020Q2"
"LOW","LOWES COMPANIES INC","DepreciationAndAmortization","2020","Q3","10-Q","2020-02-01","2020-10-30","272","1008000000","2020-11-25","0000060667-20-000175",""
"LOW","LOWES COMPANIES INC","DepreciationAndAmortization","2021","Q3","10-Q","2020-02-01","2020-10-30","272","1008000000","2021-11-24","0000060667-21-000168",""
"LOW","LOWES COMPANIES INC","DepreciationAndAmortization","2020","Q3","10-Q","2020-08-01","2020-10-30","90","355000000","2020-11-25","0000060667-20-000175",""
"LOW","LOWES COMPANIES INC","DepreciationAndAmortization","2021","Q3","10-Q","2020-08-01","2020-10-30","90","355000000","2021-11-24","0000060667-21-000168","CY2020Q3"
"LOW","LOWES COMPANIES INC","DepreciationAndAmortization","2020","FY","10-K","2020-02-01","2021-01-29","363","1399000000","2021-03-22","0000060667-21-000026",""
"LOW","LOWES COMPANIES INC","DepreciationAndAmortization","2021","FY","10-K","2020-02-01","2021-01-29","363","1399000000","2022-03-21","0000060667-22-000038",""
"LOW","LOWES COMPANIES INC","DepreciationAndAmortization","2022","FY","10-K","2020-02-01","2021-01-29","363","1399000000","2023-03-27","0000060667-23-000034","CY2020"
"LOW","LOWES COMPANIES INC","DepreciationAndAmortization","2021","Q1","10-Q","2021-01-30","2021-04-30","90","391000000","2021-05-27","0000060667-21-000074",""
"LOW","LOWES COMPANIES INC","DepreciationAndAmortization","2022","Q1","10-Q","2021-01-30","2021-04-30","90","391000000","2022-05-26","0000060667-22-000079","CY2021Q1"
"LOW","LOWES COMPANIES INC","DepreciationAndAmortization","2021","Q2","10-Q","2021-01-30","2021-07-30","181","800000000","2021-08-26","0000060667-21-000149",""
"LOW","LOWES COMPANIES INC","DepreciationAndAmortization","2022","Q2","10-Q","2021-01-30","2021-07-30","181","800000000","2022-08-25","0000060667-22-000139",""
"LOW","LOWES COMPANIES INC","DepreciationAndAmortization","2021","Q2","10-Q","2021-05-01","2021-07-30","90","409000000","2021-08-26","0000060667-21-000149",""
"LOW","LOWES COMPANIES INC","DepreciationAndAmortization","2022","Q2","10-Q","2021-05-01","2021-07-30","90","409000000","2022-08-25","0000060667-22-000139","CY2021Q2"
"LOW","LOWES COMPANIES INC","DepreciationAndAmortization","2021","Q3","10-Q","2021-01-30","2021-10-29","272","1226000000","2021-11-24","0000060667-21-000168",""
"LOW","LOWES COMPANIES INC","DepreciationAndAmortization","2022","Q3","10-Q","2021-01-30","2021-10-29","272","1226000000","2022-11-23","0000060667-22-000170",""
"LOW","LOWES COMPANIES INC","DepreciationAndAmortization","2021","Q3","10-Q","2021-07-31","2021-10-29","90","425000000","2021-11-24","0000060667-21-000168",""
"LOW","LOWES COMPANIES INC","DepreciationAndAmortization","2022","Q3","10-Q","2021-07-31","2021-10-29","90","425000000","2022-11-23","0000060667-22-000170","CY2021Q3"
"LOW","LOWES COMPANIES INC","DepreciationAndAmortization","2021","FY","10-K","2021-01-30","2022-01-28","363","1662000000","2022-03-21","0000060667-22-000038",""
"LOW","LOWES COMPANIES INC","DepreciationAndAmortization","2022","FY","10-K","2021-01-30","2022-01-28","363","1662000000","2023-03-27","0000060667-23-000034",""
"LOW","LOWES COMPANIES INC","DepreciationAndAmortization","2023","FY","10-K","2021-01-30","2022-01-28","363","1662000000","2024-03-25","0000060667-24-000033","CY2021"
"LOW","LOWES COMPANIES INC","DepreciationAndAmortization","2022","Q1","10-Q","2022-01-29","2022-04-29","90","445000000","2022-05-26","0000060667-22-000079",""
"LOW","LOWES COMPANIES INC","DepreciationAndAmortization","2023","Q1","10-Q","2022-01-29","2022-04-29","90","445000000","2023-06-01","0000060667-23-000114","CY2022Q1"
"LOW","LOWES COMPANIES INC","DepreciationAndAmortization","2022","Q2","10-Q","2022-01-29","2022-07-29","181","894000000","2022-08-25","0000060667-22-000139",""
"LOW","LOWES COMPANIES INC","DepreciationAndAmortization","2023","Q2","10-Q","2022-01-29","2022-07-29","181","894000000","2023-08-30","0000060667-23-000139",""
"LOW","LOWES COMPANIES INC","DepreciationAndAmortization","2022","Q2","10-Q","2022-04-30","2022-07-29","90","449000000","2022-08-25","0000060667-22-000139",""
"LOW","LOWES COMPANIES INC","DepreciationAndAmortization","2023","Q2","10-Q","2022-04-30","2022-07-29","90","449000000","2023-08-30","0000060667-23-000139","CY2022Q2"
"LOW","LOWES COMPANIES INC","DepreciationAndAmortization","2022","Q3","10-Q","2022-01-29","2022-10-28","272","1345000000","2022-11-23","0000060667-22-000170",""
"LOW","LOWES COMPANIES INC","DepreciationAndAmortization","2023","Q3","10-Q","2022-01-29","2022-10-28","272","1345000000","2023-11-29","0000060667-23-000164",""
"LOW","LOWES COMPANIES INC","DepreciationAndAmortization","2022","Q3","10-Q","2022-07-30","2022-10-28","90","451000000","2022-11-23","0000060667-22-000170",""
"LOW","LOWES COMPANIES INC","DepreciationAndAmortization","2023","Q3","10-Q","2022-07-30","2022-10-28","90","451000000","2023-11-29","0000060667-23-000164","CY2022Q3"
"LOW","LOWES COMPANIES INC","DepreciationAndAmortization","2022","FY","10-K","2022-01-29","2023-02-03","370","1766000000","2023-03-27","0000060667-23-000034",""
"LOW","LOWES COMPANIES INC","DepreciationAndAmortization","2023","FY","10-K","2022-01-29","2023-02-03","370","1766000000","2024-03-25","0000060667-24-000033",""
"LOW","LOWES COMPANIES INC","DepreciationAndAmortization","2024","FY","10-K","2022-01-29","2023-02-03","370","1766000000","2025-03-24","0000060667-25-000049","CY2022"
"LOW","LOWES COMPANIES INC","DepreciationAndAmortization","2023","Q1","10-Q","2023-02-04","2023-05-05","90","415000000","2023-06-01","0000060667-23-000114",""
"LOW","LOWES COMPANIES INC","DepreciationAndAmortization","2024","Q1","10-Q","2023-02-04","2023-05-05","90","415000000","2024-05-30","0000060667-24-000085","CY2023Q1"
"LOW","LOWES COMPANIES INC","DepreciationAndAmortization","2023","Q2","10-Q","2023-02-04","2023-08-04","181","841000000","2023-08-30","0000060667-23-000139",""
"LOW","LOWES COMPANIES INC","DepreciationAndAmortization","2024","Q2","10-Q","2023-02-04","2023-08-04","181","841000000","2024-08-29","0000060667-24-000140",""
"LOW","LOWES COMPANIES INC","DepreciationAndAmortization","2023","Q2","10-Q","2023-05-06","2023-08-04","90","427000000","2023-08-30","0000060667-23-000139",""
"LOW","LOWES COMPANIES INC","DepreciationAndAmortization","2024","Q2","10-Q","2023-05-06","2023-08-04","90","427000000","2024-08-29","0000060667-24-000140","CY2023Q2"
"LOW","LOWES COMPANIES INC","DepreciationAndAmortization","2023","Q3","10-Q","2023-02-04","2023-11-03","272","1275000000","2023-11-29","0000060667-23-000164",""
"LOW","LOWES COMPANIES INC","DepreciationAndAmortization","2024","Q3","10-Q","2023-02-04","2023-11-03","272","1275000000","2024-11-27","0000060667-24-000169",""
"LOW","LOWES COMPANIES INC","DepreciationAndAmortization","2023","Q3","10-Q","2023-08-05","2023-11-03","90","434000000","2023-11-29","0000060667-23-000164",""
"LOW","LOWES COMPANIES INC","DepreciationAndAmortization","2024","Q3","10-Q","2023-08-05","2023-11-03","90","434000000","2024-11-27","0000060667-24-000169","CY2023Q3"
"LOW","LOWES COMPANIES INC","DepreciationAndAmortization","2023","FY","10-K","2023-02-04","2024-02-02","363","1717000000","2024-03-25","0000060667-24-000033",""
"LOW","LOWES COMPANIES INC","DepreciationAndAmortization","2024","FY","10-K","2023-02-04","2024-02-02","363","1717000000","2025-03-24","0000060667-25-000049",""
"LOW","LOWES COMPANIES INC","DepreciationAndAmortization","2025","FY","10-K","2023-02-04","2024-02-02","363","1717000000","2026-03-23","0000060667-26-000029","CY2023"
"LOW","LOWES COMPANIES INC","DepreciationAndAmortization","2024","Q1","10-Q","2024-02-03","2024-05-03","90","428000000","2024-05-30","0000060667-24-000085",""
"LOW","LOWES COMPANIES INC","DepreciationAndAmortization","2025","Q1","10-Q","2024-02-03","2024-05-03","90","428000000","2025-05-29","0000060667-25-000104","CY2024Q1"
"LOW","LOWES COMPANIES INC","DepreciationAndAmortization","2024","Q2","10-Q","2024-02-03","2024-08-02","181","851000000","2024-08-29","0000060667-24-000140",""
"LOW","LOWES COMPANIES INC","DepreciationAndAmortization","2025","Q2","10-Q","2024-02-03","2024-08-02","181","851000000","2025-08-28","0000060667-25-000174",""
"LOW","LOWES COMPANIES INC","DepreciationAndAmortization","2024","Q2","10-Q","2024-05-04","2024-08-02","90","423000000","2024-08-29","0000060667-24-000140",""
"LOW","LOWES COMPANIES INC","DepreciationAndAmortization","2025","Q2","10-Q","2024-05-04","2024-08-02","90","423000000","2025-08-28","0000060667-25-000174","CY2024Q2"
"LOW","LOWES COMPANIES INC","DepreciationAndAmortization","2024","Q3","10-Q","2024-02-03","2024-11-01","272","1284000000","2024-11-27","0000060667-24-000169",""
"LOW","LOWES COMPANIES INC","DepreciationAndAmortization","2025","Q3","10-Q","2024-02-03","2024-11-01","272","1284000000","2025-11-26","0000060667-25-000210",""
"LOW","LOWES COMPANIES INC","DepreciationAndAmortization","2024","Q3","10-Q","2024-08-03","2024-11-01","90","433000000","2024-11-27","0000060667-24-000169",""
"LOW","LOWES COMPANIES INC","DepreciationAndAmortization","2025","Q3","10-Q","2024-08-03","2024-11-01","90","433000000","2025-11-26","0000060667-25-000210","CY2024Q3"
"LOW","LOWES COMPANIES INC","DepreciationAndAmortization","2024","FY","10-K","2024-02-03","2025-01-31","363","1729000000","2025-03-24","0000060667-25-000049",""
"LOW","LOWES COMPANIES INC","DepreciationAndAmortization","2025","FY","10-K","2024-02-03","2025-01-31","363","1729000000","2026-03-23","0000060667-26-000029","CY2024"
"LOW","LOWES COMPANIES INC","DepreciationAndAmortization","2025","Q1","10-Q","2025-02-01","2025-05-02","90","446000000","2025-05-29","0000060667-25-000104",""
"LOW","LOWES COMPANIES INC","DepreciationAndAmortization","2026","Q1","10-Q","2025-02-01","2025-05-02","90","446000000","2026-05-28","0000060667-26-000072","CY2025Q1"
"LOW","LOWES COMPANIES INC","DepreciationAndAmortization","2025","Q2","10-Q","2025-02-01","2025-08-01","181","902000000","2025-08-28","0000060667-25-000174",""
"LOW","LOWES COMPANIES INC","DepreciationAndAmortization","2026","Q2","10-Q","2025-02-01","2025-08-01","181","902000000","2026-08-27","0000060667-26-000117",""
"LOW","LOWES COMPANIES INC","DepreciationAndAmortization","2025","Q2","10-Q","2025-05-03","2025-08-01","90","457000000","2025-08-28","0000060667-25-000174",""
"LOW","LOWES COMPANIES INC","DepreciationAndAmortization","2026","Q2","10-Q","2025-05-03","2025-08-01","90","457000000","2026-08-27","0000060667-26-000117","CY2025Q2"
"LOW","LOWES COMPANIES INC","DepreciationAndAmortization","2025","Q3","10-Q","2025-02-01","2025-10-31","272","1378000000","2025-11-26","0000060667-25-000210",""
"LOW","LOWES COMPANIES INC","DepreciationAndAmortization","2025","Q3","10-Q","2025-08-02","2025-10-31","90","475000000","2025-11-26","0000060667-25-000210","CY2025Q3"
"LOW","LOWES COMPANIES INC","DepreciationAndAmortization","2025","FY","10-K","2025-02-01","2026-01-30","363","1941000000","2026-03-23","0000060667-26-000029","CY2025"
"LOW","LOWES COMPANIES INC","DepreciationAndAmortization","2026","Q1","10-Q","2026-01-31","2026-05-01","90","566000000","2026-05-28","0000060667-26-000072","CY2026Q1"
"LOW","LOWES COMPANIES INC","DepreciationAndAmortization","2026","Q2","10-Q","2026-01-31","2026-07-31","181","1138000000","2026-08-27","0000060667-26-000117",""
"LOW","LOWES COMPANIES INC","DepreciationAndAmortization","2026","Q2","10-Q","2026-05-02","2026-07-31","90","572000000","2026-08-27","0000060667-26-000117","CY2026Q2"
"LOW","LOWES COMPANIES INC","OperatingIncomeLoss","2020","FY","10-K","2018-02-03","2019-02-01","363","4018000000","2021-03-22","0000060667-21-000026","CY2018"
"LOW","LOWES COMPANIES INC","OperatingIncomeLoss","2020","Q1","10-Q","2019-02-02","2019-05-03","90","1417000000","2020-05-28","0000060667-20-000085","CY2019Q1"
"LOW","LOWES COMPANIES INC","OperatingIncomeLoss","2020","Q2","10-Q","2019-02-02","2019-08-02","181","3798000000","2020-08-26","0000060667-20-000138",""
"LOW","LOWES COMPANIES INC","OperatingIncomeLoss","2020","Q2","10-Q","2019-05-04","2019-08-02","90","2381000000","2020-08-26","0000060667-20-000138","CY2019Q2"
"LOW","LOWES COMPANIES INC","OperatingIncomeLoss","2020","Q3","10-Q","2019-02-02","2019-11-01","272","5356000000","2020-11-25","0000060667-20-000175",""
"LOW","LOWES COMPANIES INC","OperatingIncomeLoss","2020","Q3","10-Q","2019-08-03","2019-11-01","90","1558000000","2020-11-25","0000060667-20-000175","CY2019Q3"
"LOW","LOWES COMPANIES INC","OperatingIncomeLoss","2020","FY","10-K","2019-02-02","2020-01-31","363","6314000000","2021-03-22","0000060667-21-000026",""
"LOW","LOWES COMPANIES INC","OperatingIncomeLoss","2021","FY","10-K","2019-02-02","2020-01-31","363","6314000000","2022-03-21","0000060667-22-000038","CY2019"
"LOW","LOWES COMPANIES INC","OperatingIncomeLoss","2020","Q1","10-Q","2020-02-01","2020-05-01","90","1991000000","2020-05-28","0000060667-20-000085",""
"LOW","LOWES COMPANIES INC","OperatingIncomeLoss","2021","Q1","10-Q","2020-02-01","2020-05-01","90","1991000000","2021-05-27","0000060667-21-000074","CY2020Q1"
"LOW","LOWES COMPANIES INC","OperatingIncomeLoss","2020","Q2","10-Q","2020-02-01","2020-07-31","181","5948000000","2020-08-26","0000060667-20-000138",""
"LOW","LOWES COMPANIES INC","OperatingIncomeLoss","2021","Q2","10-Q","2020-02-01","2020-07-31","181","5948000000","2021-08-26","0000060667-21-000149",""
"LOW","LOWES COMPANIES INC","OperatingIncomeLoss","2020","Q2","10-Q","2020-05-02","2020-07-31","90","3957000000","2020-08-26","0000060667-20-000138",""
"LOW","LOWES COMPANIES INC","OperatingIncomeLoss","2021","Q2","10-Q","2020-05-02","2020-07-31","90","3957000000","2021-08-26","0000060667-21-000149","CY2020Q2"
"LOW","LOWES COMPANIES INC","OperatingIncomeLoss","2020","Q3","10-Q","2020-02-01","2020-10-30","272","8123000000","2020-11-25","0000060667-20-000175",""
"LOW","LOWES COMPANIES INC","OperatingIncomeLoss","2021","Q3","10-Q","2020-02-01","2020-10-30","272","8123000000","2021-11-24","0000060667-21-000168",""
"LOW","LOWES COMPANIES INC","OperatingIncomeLoss","2020","Q3","10-Q","2020-08-01","2020-10-30","90","2175000000","2020-11-25","0000060667-20-000175",""
"LOW","LOWES COMPANIES INC","OperatingIncomeLoss","2021","Q3","10-Q","2020-08-01","2020-10-30","90","2175000000","2021-11-24","0000060667-21-000168","CY2020Q3"
"LOW","LOWES COMPANIES INC","OperatingIncomeLoss","2020","FY","10-K","2020-02-01","2021-01-29","363","9647000000","2021-03-22","0000060667-21-000026",""
"LOW","LOWES COMPANIES INC","OperatingIncomeLoss","2021","FY","10-K","2020-02-01","2021-01-29","363","9647000000","2022-03-21","0000060667-22-000038",""
"LOW","LOWES COMPANIES INC","OperatingIncomeLoss","2022","FY","10-K","2020-02-01","2021-01-29","363","9647000000","2023-03-27","0000060667-23-000034","CY2020"
"LOW","LOWES COMPANIES INC","OperatingIncomeLoss","2021","Q1","10-Q","2021-01-30","2021-04-30","90","3245000000","2021-05-27","0000060667-21-000074",""
"LOW","LOWES COMPANIES INC","OperatingIncomeLoss","2022","Q1","10-Q","2021-01-30","2021-04-30","90","3245000000","2022-05-26","0000060667-22-000079","CY2021Q1"
"LOW","LOWES COMPANIES INC","OperatingIncomeLoss","2021","Q2","10-Q","2021-01-30","2021-07-30","181","7455000000","2021-08-26","0000060667-21-000149",""
"LOW","LOWES COMPANIES INC","OperatingIncomeLoss","2022","Q2","10-Q","2021-01-30","2021-07-30","181","7455000000","2022-08-25","0000060667-22-000139",""
"LOW","LOWES COMPANIES INC","OperatingIncomeLoss","2021","Q2","10-Q","2021-05-01","2021-07-30","90","4210000000","2021-08-26","0000060667-21-000149",""
"LOW","LOWES COMPANIES INC","OperatingIncomeLoss","2022","Q2","10-Q","2021-05-01","2021-07-30","90","4210000000","2022-08-25","0000060667-22-000139","CY2021Q2"
"LOW","LOWES COMPANIES INC","OperatingIncomeLoss","2021","Q3","10-Q","2021-01-30","2021-10-29","272","10244000000","2021-11-24","0000060667-21-000168",""
"LOW","LOWES COMPANIES INC","OperatingIncomeLoss","2022","Q3","10-Q","2021-01-30","2021-10-29","272","10244000000","2022-11-23","0000060667-22-000170",""
"LOW","LOWES COMPANIES INC","OperatingIncomeLoss","2021","Q3","10-Q","2021-07-31","2021-10-29","90","2789000000","2021-11-24","0000060667-21-000168",""
"LOW","LOWES COMPANIES INC","OperatingIncomeLoss","2022","Q3","10-Q","2021-07-31","2021-10-29","90","2789000000","2022-11-23","0000060667-22-000170","CY2021Q3"
"LOW","LOWES COMPANIES INC","OperatingIncomeLoss","2021","FY","10-K","2021-01-30","2022-01-28","363","12093000000","2022-03-21","0000060667-22-000038",""
"LOW","LOWES COMPANIES INC","OperatingIncomeLoss","2022","FY","10-K","2021-01-30","2022-01-28","363","12093000000","2023-03-27","0000060667-23-000034",""
"LOW","LOWES COMPANIES INC","OperatingIncomeLoss","2023","FY","10-K","2021-01-30","2022-01-28","363","12093000000","2024-03-25","0000060667-24-000033","CY2021"
"LOW","LOWES COMPANIES INC","OperatingIncomeLoss","2022","Q1","10-Q","2022-01-29","2022-04-29","90","3302000000","2022-05-26","0000060667-22-000079",""
"LOW","LOWES COMPANIES INC","OperatingIncomeLoss","2023","Q1","10-Q","2022-01-29","2022-04-29","90","3302000000","2023-06-01","0000060667-23-000114","CY2022Q1"
"LOW","LOWES COMPANIES INC","OperatingIncomeLoss","2022","Q2","10-Q","2022-01-29","2022-07-29","181","7531000000","2022-08-25","0000060667-22-000139",""
"LOW","LOWES COMPANIES INC","OperatingIncomeLoss","2023","Q2","10-Q","2022-01-29","2022-07-29","181","7531000000","2023-08-30","0000060667-23-000139",""
"LOW","LOWES COMPANIES INC","OperatingIncomeLoss","2022","Q2","10-Q","2022-04-30","2022-07-29","90","4229000000","2022-08-25","0000060667-22-000139",""
"LOW","LOWES COMPANIES INC","OperatingIncomeLoss","2023","Q2","10-Q","2022-04-30","2022-07-29","90","4229000000","2023-08-30","0000060667-23-000139","CY2022Q2"
"LOW","LOWES COMPANIES INC","OperatingIncomeLoss","2022","Q3","10-Q","2022-01-29","2022-10-28","272","8455000000","2022-11-23","0000060667-22-000170",""
"LOW","LOWES COMPANIES INC","OperatingIncomeLoss","2023","Q3","10-Q","2022-01-29","2022-10-28","272","8455000000","2023-11-29","0000060667-23-000164",""
"LOW","LOWES COMPANIES INC","OperatingIncomeLoss","2022","Q3","10-Q","2022-07-30","2022-10-28","90","924000000","2022-11-23","0000060667-22-000170",""
"LOW","LOWES COMPANIES INC","OperatingIncomeLoss","2023","Q3","10-Q","2022-07-30","2022-10-28","90","924000000","2023-11-29","0000060667-23-000164","CY2022Q3"
"LOW","LOWES COMPANIES INC","OperatingIncomeLoss","2022","FY","10-K","2022-01-29","2023-02-03","370","10159000000","2023-03-27","0000060667-23-000034",""
"LOW","LOWES COMPANIES INC","OperatingIncomeLoss","2023","FY","10-K","2022-01-29","2023-02-03","370","10159000000","2024-03-25","0000060667-24-000033",""
"LOW","LOWES COMPANIES INC","OperatingIncomeLoss","2024","FY","10-K","2022-01-29","2023-02-03","370","10159000000","2025-03-24","0000060667-25-000049","CY2022"
"LOW","LOWES COMPANIES INC","OperatingIncomeLoss","2023","Q1","10-Q","2023-02-04","2023-05-05","90","3288000000","2023-06-01","0000060667-23-000114",""
"LOW","LOWES COMPANIES INC","OperatingIncomeLoss","2024","Q1","10-Q","2023-02-04","2023-05-05","90","3288000000","2024-05-30","0000060667-24-000085","CY2023Q1"
"LOW","LOWES COMPANIES INC","OperatingIncomeLoss","2023","Q2","10-Q","2023-02-04","2023-08-04","181","7173000000","2023-08-30","0000060667-23-000139",""
"LOW","LOWES COMPANIES INC","OperatingIncomeLoss","2024","Q2","10-Q","2023-02-04","2023-08-04","181","7173000000","2024-08-29","0000060667-24-000140",""
"LOW","LOWES COMPANIES INC","OperatingIncomeLoss","2023","Q2","10-Q","2023-05-06","2023-08-04","90","3886000000","2023-08-30","0000060667-23-000139",""
"LOW","LOWES COMPANIES INC","OperatingIncomeLoss","2024","Q2","10-Q","2023-05-06","2023-08-04","90","3886000000","2024-08-29","0000060667-24-000140","CY2023Q2"
"LOW","LOWES COMPANIES INC","OperatingIncomeLoss","2023","Q3","10-Q","2023-02-04","2023-11-03","272","9869000000","2023-11-29","0000060667-23-000164",""
"LOW","LOWES COMPANIES INC","OperatingIncomeLoss","2024","Q3","10-Q","2023-02-04","2023-11-03","272","9869000000","2024-11-27","0000060667-24-000169",""
"LOW","LOWES COMPANIES INC","OperatingIncomeLoss","2023","Q3","10-Q","2023-08-05","2023-11-03","90","2696000000","2023-11-29","0000060667-23-000164",""
"LOW","LOWES COMPANIES INC","OperatingIncomeLoss","2024","Q3","10-Q","2023-08-05","2023-11-03","90","2696000000","2024-11-27","0000060667-24-000169","CY2023Q3"
"LOW","LOWES COMPANIES INC","OperatingIncomeLoss","2023","FY","10-K","2023-02-04","2024-02-02","363","11557000000","2024-03-25","0000060667-24-000033",""
"LOW","LOWES COMPANIES INC","OperatingIncomeLoss","2024","FY","10-K","2023-02-04","2024-02-02","363","11557000000","2025-03-24","0000060667-25-000049",""
"LOW","LOWES COMPANIES INC","OperatingIncomeLoss","2025","FY","10-K","2023-02-04","2024-02-02","363","11557000000","2026-03-23","0000060667-26-000029","CY2023"
"LOW","LOWES COMPANIES INC","OperatingIncomeLoss","2024","Q1","10-Q","2024-02-03","2024-05-03","90","2653000000","2024-05-30","0000060667-24-000085",""
"LOW","LOWES COMPANIES INC","OperatingIncomeLoss","2025","Q1","10-Q","2024-02-03","2024-05-03","90","2653000000","2025-05-29","0000060667-25-000104","CY2024Q1"
"LOW","LOWES COMPANIES INC","OperatingIncomeLoss","2024","Q2","10-Q","2024-02-03","2024-08-02","181","6100000000","2024-08-29","0000060667-24-000140",""
"LOW","LOWES COMPANIES INC","OperatingIncomeLoss","2025","Q2","10-Q","2024-02-03","2024-08-02","181","6100000000","2025-08-28","0000060667-25-000174",""
"LOW","LOWES COMPANIES INC","OperatingIncomeLoss","2024","Q2","10-Q","2024-05-04","2024-08-02","90","3447000000","2024-08-29","0000060667-24-000140",""
"LOW","LOWES COMPANIES INC","OperatingIncomeLoss","2025","Q2","10-Q","2024-05-04","2024-08-02","90","3447000000","2025-08-28","0000060667-25-000174","CY2024Q2"
"LOW","LOWES COMPANIES INC","OperatingIncomeLoss","2024","Q3","10-Q","2024-02-03","2024-11-01","272","8636000000","2024-11-27","0000060667-24-000169",""
"LOW","LOWES COMPANIES INC","OperatingIncomeLoss","2025","Q3","10-Q","2024-02-03","2024-11-01","272","8636000000","2025-11-26","0000060667-25-000210",""
"LOW","LOWES COMPANIES INC","OperatingIncomeLoss","2024","Q3","10-Q","2024-08-03","2024-11-01","90","2536000000","2024-11-27","0000060667-24-000169",""
"LOW","LOWES COMPANIES INC","OperatingIncomeLoss","2025","Q3","10-Q","2024-08-03","2024-11-01","90","2536000000","2025-11-26","0000060667-25-000210","CY2024Q3"
"LOW","LOWES COMPANIES INC","OperatingIncomeLoss","2024","FY","10-K","2024-02-03","2025-01-31","363","10466000000","2025-03-24","0000060667-25-000049",""
"LOW","LOWES COMPANIES INC","OperatingIncomeLoss","2025","FY","10-K","2024-02-03","2025-01-31","363","10466000000","2026-03-23","0000060667-26-000029","CY2024"
"LOW","LOWES COMPANIES INC","OperatingIncomeLoss","2025","Q1","10-Q","2025-02-01","2025-05-02","90","2494000000","2025-05-29","0000060667-25-000104",""
"LOW","LOWES COMPANIES INC","OperatingIncomeLoss","2026","Q1","10-Q","2025-02-01","2025-05-02","90","2494000000","2026-05-28","0000060667-26-000072","CY2025Q1"
"LOW","LOWES COMPANIES INC","OperatingIncomeLoss","2025","Q2","10-Q","2025-02-01","2025-08-01","181","5964000000","2025-08-28","0000060667-25-000174",""
"LOW","LOWES COMPANIES INC","OperatingIncomeLoss","2026","Q2","10-Q","2025-02-01","2025-08-01","181","5964000000","2026-08-27","0000060667-26-000117",""
"LOW","LOWES COMPANIES INC","OperatingIncomeLoss","2025","Q2","10-Q","2025-05-03","2025-08-01","90","3469000000","2025-08-28","0000060667-25-000174",""
"LOW","LOWES COMPANIES INC","OperatingIncomeLoss","2026","Q2","10-Q","2025-05-03","2025-08-01","90","3469000000","2026-08-27","0000060667-26-000117","CY2025Q2"
"LOW","LOWES COMPANIES INC","OperatingIncomeLoss","2025","Q3","10-Q","2025-02-01","2025-10-31","272","8445000000","2025-11-26","0000060667-25-000210",""
"LOW","LOWES COMPANIES INC","OperatingIncomeLoss","2025","Q3","10-Q","2025-08-02","2025-10-31","90","2481000000","2025-11-26","0000060667-25-000210","CY2025Q3"
"LOW","LOWES COMPANIES INC","OperatingIncomeLoss","2025","FY","10-K","2025-02-01","2026-01-30","363","10153000000","2026-03-23","0000060667-26-000029","CY2025"
"LOW","LOWES COMPANIES INC","OperatingIncomeLoss","2026","Q1","10-Q","2026-01-31","2026-05-01","90","2554000000","2026-05-28","0000060667-26-000072","CY2026Q1"
"LOW","LOWES COMPANIES INC","OperatingIncomeLoss","2026","Q2","10-Q","2026-01-31","2026-07-31","181","6103000000","2026-08-27","0000060667-26-000117",""
"LOW","LOWES COMPANIES INC","OperatingIncomeLoss","2026","Q2","10-Q","2026-05-02","2026-07-31","90","3549000000","2026-08-27","0000060667-26-000117","CY2026Q2"
"LOW","LOWES COMPANIES INC","NetIncomeLoss","2020","FY","10-K","2018-02-03","2019-02-01","363","2314000000","2021-03-22","0000060667-21-000026","CY2018"
"LOW","LOWES COMPANIES INC","NetIncomeLoss","2020","Q1","10-Q","2019-02-02","2019-05-03","90","1046000000","2020-05-28","0000060667-20-000085","CY2019Q1"
"LOW","LOWES COMPANIES INC","NetIncomeLoss","2020","Q2","10-Q","2019-02-02","2019-08-02","181","2722000000","2020-08-26","0000060667-20-000138",""
"LOW","LOWES COMPANIES INC","NetIncomeLoss","2020","Q2","10-Q","2019-05-04","2019-08-02","90","1676000000","2020-08-26","0000060667-20-000138","CY2019Q2"
"LOW","LOWES COMPANIES INC","NetIncomeLoss","2020","Q3","10-Q","2019-02-02","2019-11-01","272","3771000000","2020-11-25","0000060667-20-000175",""
"LOW","LOWES COMPANIES INC","NetIncomeLoss","2020","Q3","10-Q","2019-08-03","2019-11-01","90","1049000000","2020-11-25","0000060667-20-000175","CY2019Q3"
"LOW","LOWES COMPANIES INC","NetIncomeLoss","2020","FY","10-K","2019-02-02","2020-01-31","363","4281000000","2021-03-22","0000060667-21-000026",""
"LOW","LOWES COMPANIES INC","NetIncomeLoss","2021","FY","10-K","2019-02-02","2020-01-31","363","4281000000","2022-03-21","0000060667-22-000038","CY2019"
"LOW","LOWES COMPANIES INC","NetIncomeLoss","2020","Q1","10-Q","2020-02-01","2020-05-01","90","1337000000","2020-05-28","0000060667-20-000085",""
"LOW","LOWES COMPANIES INC","NetIncomeLoss","2021","Q1","10-Q","2020-02-01","2020-05-01","90","1337000000","2021-05-27","0000060667-21-000074","CY2020Q1"
"LOW","LOWES COMPANIES INC","NetIncomeLoss","2020","Q2","10-Q","2020-02-01","2020-07-31","181","4165000000","2020-08-26","0000060667-20-000138",""
"LOW","LOWES COMPANIES INC","NetIncomeLoss","2021","Q2","10-Q","2020-02-01","2020-07-31","181","4165000000","2021-08-26","0000060667-21-000149",""
"LOW","LOWES COMPANIES INC","NetIncomeLoss","2020","Q2","10-Q","2020-05-02","2020-07-31","90","2828000000","2020-08-26","0000060667-20-000138",""
"LOW","LOWES COMPANIES INC","NetIncomeLoss","2021","Q2","10-Q","2020-05-02","2020-07-31","90","2828000000","2021-08-26","0000060667-21-000149","CY2020Q2"
"LOW","LOWES COMPANIES INC","NetIncomeLoss","2020","Q3","10-Q","2020-02-01","2020-10-30","272","4857000000","2020-11-25","0000060667-20-000175",""
"LOW","LOWES COMPANIES INC","NetIncomeLoss","2021","Q3","10-Q","2020-02-01","2020-10-30","272","4857000000","2021-11-24","0000060667-21-000168",""
"LOW","LOWES COMPANIES INC","NetIncomeLoss","2020","Q3","10-Q","2020-08-01","2020-10-30","90","692000000","2020-11-25","0000060667-20-000175",""
"LOW","LOWES COMPANIES INC","NetIncomeLoss","2021","Q3","10-Q","2020-08-01","2020-10-30","90","692000000","2021-11-24","0000060667-21-000168","CY2020Q3"
"LOW","LOWES COMPANIES INC","NetIncomeLoss","2020","FY","10-K","2020-02-01","2021-01-29","363","5835000000","2021-03-22","0000060667-21-000026",""
"LOW","LOWES COMPANIES INC","NetIncomeLoss","2021","FY","10-K","2020-02-01","2021-01-29","363","5835000000","2022-03-21","0000060667-22-000038",""
"LOW","LOWES COMPANIES INC","NetIncomeLoss","2022","FY","10-K","2020-02-01","2021-01-29","363","5835000000","2023-03-27","0000060667-23-000034","CY2020"
"LOW","LOWES COMPANIES INC","NetIncomeLoss","2021","Q1","10-Q","2021-01-30","2021-04-30","90","2321000000","2021-05-27","0000060667-21-000074",""
"LOW","LOWES COMPANIES INC","NetIncomeLoss","2022","Q1","10-Q","2021-01-30","2021-04-30","90","2321000000","2022-05-26","0000060667-22-000079","CY2021Q1"
"LOW","LOWES COMPANIES INC","NetIncomeLoss","2021","Q2","10-Q","2021-01-30","2021-07-30","181","5340000000","2021-08-26","0000060667-21-000149",""
"LOW","LOWES COMPANIES INC","NetIncomeLoss","2022","Q2","10-Q","2021-01-30","2021-07-30","181","5340000000","2022-08-25","0000060667-22-000139",""
"LOW","LOWES COMPANIES INC","NetIncomeLoss","2021","Q2","10-Q","2021-05-01","2021-07-30","90","3018000000","2021-08-26","0000060667-21-000149",""
"LOW","LOWES COMPANIES INC","NetIncomeLoss","2022","Q2","10-Q","2021-05-01","2021-07-30","90","3018000000","2022-08-25","0000060667-22-000139","CY2021Q2"
"LOW","LOWES COMPANIES INC","NetIncomeLoss","2021","Q3","10-Q","2021-01-30","2021-10-29","272","7235000000","2021-11-24","0000060667-21-000168",""
"LOW","LOWES COMPANIES INC","NetIncomeLoss","2022","Q3","10-Q","2021-01-30","2021-10-29","272","7235000000","2022-11-23","0000060667-22-000170",""
"LOW","LOWES COMPANIES INC","NetIncomeLoss","2021","Q3","10-Q","2021-07-31","2021-10-29","90","1896000000","2021-11-24","0000060667-21-000168",""
"LOW","LOWES COMPANIES INC","NetIncomeLoss","2022","Q3","10-Q","2021-07-31","2021-10-29","90","1896000000","2022-11-23","0000060667-22-000170","CY2021Q3"
"LOW","LOWES COMPANIES INC","NetIncomeLoss","2021","FY","10-K","2021-01-30","2022-01-28","363","8442000000","2022-03-21","0000060667-22-000038",""
"LOW","LOWES COMPANIES INC","NetIncomeLoss","2022","FY","10-K","2021-01-30","2022-01-28","363","8442000000","2023-03-27","0000060667-23-000034",""
"LOW","LOWES COMPANIES INC","NetIncomeLoss","2023","FY","10-K","2021-01-30","2022-01-28","363","8442000000","2024-03-25","0000060667-24-000033",""
"LOW","LOWES COMPANIES INC","NetIncomeLoss","2022","Q1","10-Q","2022-01-29","2022-04-29","90","2333000000","2022-05-26","0000060667-22-000079",""
"LOW","LOWES COMPANIES INC","NetIncomeLoss","2023","Q1","10-Q","2022-01-29","2022-04-29","90","2333000000","2023-06-01","0000060667-23-000114","CY2022Q1"
"LOW","LOWES COMPANIES INC","NetIncomeLoss","2022","Q2","10-Q","2022-01-29","2022-07-29","181","5325000000","2022-08-25","0000060667-22-000139",""
"LOW","LOWES COMPANIES INC","NetIncomeLoss","2023","Q2","10-Q","2022-01-29","2022-07-29","181","5325000000","2023-08-30","0000060667-23-000139",""
"LOW","LOWES COMPANIES INC","NetIncomeLoss","2022","Q2","10-Q","2022-04-30","2022-07-29","90","2992000000","2022-08-25","0000060667-22-000139",""
"LOW","LOWES COMPANIES INC","NetIncomeLoss","2023","Q2","10-Q","2022-04-30","2022-07-29","90","2992000000","2023-08-30","0000060667-23-000139","CY2022Q2"
"LOW","LOWES COMPANIES INC","NetIncomeLoss","2022","Q3","10-Q","2022-01-29","2022-10-28","272","5479000000","2022-11-23","0000060667-22-000170",""
"LOW","LOWES COMPANIES INC","NetIncomeLoss","2023","Q3","10-Q","2022-01-29","2022-10-28","272","5479000000","2023-11-29","0000060667-23-000164",""
"LOW","LOWES COMPANIES INC","NetIncomeLoss","2022","Q3","10-Q","2022-07-30","2022-10-28","90","154000000","2022-11-23","0000060667-22-000170",""
"LOW","LOWES COMPANIES INC","NetIncomeLoss","2023","Q3","10-Q","2022-07-30","2022-10-28","90","154000000","2023-11-29","0000060667-23-000164","CY2022Q3"
"LOW","LOWES COMPANIES INC","NetIncomeLoss","2022","FY","10-K","2022-01-29","2023-02-03","370","6437000000","2023-03-27","0000060667-23-000034",""
"LOW","LOWES COMPANIES INC","NetIncomeLoss","2023","FY","10-K","2022-01-29","2023-02-03","370","6437000000","2024-03-25","0000060667-24-000033",""
"LOW","LOWES COMPANIES INC","NetIncomeLoss","2024","FY","10-K","2022-01-29","2023-02-03","370","6437000000","2025-03-24","0000060667-25-000049",""
"LOW","LOWES COMPANIES INC","NetIncomeLoss","2023","Q1","10-Q","2023-02-04","2023-05-05","90","2260000000","2023-06-01","0000060667-23-000114",""
"LOW","LOWES COMPANIES INC","NetIncomeLoss","2024","Q1","10-Q","2023-02-04","2023-05-05","90","2260000000","2024-05-30","0000060667-24-000085","CY2023Q1"
"LOW","LOWES COMPANIES INC","NetIncomeLoss","2023","Q2","10-Q","2023-02-04","2023-08-04","181","4933000000","2023-08-30","0000060667-23-000139",""
"LOW","LOWES COMPANIES INC","NetIncomeLoss","2024","Q2","10-Q","2023-02-04","2023-08-04","181","4933000000","2024-08-29","0000060667-24-000140",""
"LOW","LOWES COMPANIES INC","NetIncomeLoss","2023","Q2","10-Q","2023-05-06","2023-08-04","90","2673000000","2023-08-30","0000060667-23-000139",""
"LOW","LOWES COMPANIES INC","NetIncomeLoss","2024","Q2","10-Q","2023-05-06","2023-08-04","90","2673000000","2024-08-29","0000060667-24-000140","CY2023Q2"
"LOW","LOWES COMPANIES INC","NetIncomeLoss","2023","Q3","10-Q","2023-02-04","2023-11-03","272","6706000000","2023-11-29","0000060667-23-000164",""
"LOW","LOWES COMPANIES INC","NetIncomeLoss","2024","Q3","10-Q","2023-02-04","2023-11-03","272","6706000000","2024-11-27","0000060667-24-000169",""
"LOW","LOWES COMPANIES INC","NetIncomeLoss","2023","Q3","10-Q","2023-08-05","2023-11-03","90","1773000000","2023-11-29","0000060667-23-000164",""
"LOW","LOWES COMPANIES INC","NetIncomeLoss","2024","Q3","10-Q","2023-08-05","2023-11-03","90","1773000000","2024-11-27","0000060667-24-000169","CY2023Q3"
"LOW","LOWES COMPANIES INC","NetIncomeLoss","2023","FY","10-K","2023-02-04","2024-02-02","363","7726000000","2024-03-25","0000060667-24-000033",""
"LOW","LOWES COMPANIES INC","NetIncomeLoss","2024","FY","10-K","2023-02-04","2024-02-02","363","7726000000","2025-03-24","0000060667-25-000049",""
"LOW","LOWES COMPANIES INC","NetIncomeLoss","2025","FY","10-K","2023-02-04","2024-02-02","363","7726000000","2026-03-23","0000060667-26-000029",""
"LOW","LOWES COMPANIES INC","NetIncomeLoss","2024","Q1","10-Q","2024-02-03","2024-05-03","90","1755000000","2024-05-30","0000060667-24-000085",""
"LOW","LOWES COMPANIES INC","NetIncomeLoss","2025","Q1","10-Q","2024-02-03","2024-05-03","90","1755000000","2025-05-29","0000060667-25-000104","CY2024Q1"
"LOW","LOWES COMPANIES INC","NetIncomeLoss","2024","Q2","10-Q","2024-02-03","2024-08-02","181","4137000000","2024-08-29","0000060667-24-000140",""
"LOW","LOWES COMPANIES INC","NetIncomeLoss","2025","Q2","10-Q","2024-02-03","2024-08-02","181","4137000000","2025-08-28","0000060667-25-000174",""
"LOW","LOWES COMPANIES INC","NetIncomeLoss","2024","Q2","10-Q","2024-05-04","2024-08-02","90","2383000000","2024-08-29","0000060667-24-000140",""
"LOW","LOWES COMPANIES INC","NetIncomeLoss","2025","Q2","10-Q","2024-05-04","2024-08-02","90","2383000000","2025-08-28","0000060667-25-000174","CY2024Q2"
"LOW","LOWES COMPANIES INC","NetIncomeLoss","2024","Q3","10-Q","2024-02-03","2024-11-01","272","5833000000","2024-11-27","0000060667-24-000169",""
"LOW","LOWES COMPANIES INC","NetIncomeLoss","2025","Q3","10-Q","2024-02-03","2024-11-01","272","5833000000","2025-11-26","0000060667-25-000210",""
"LOW","LOWES COMPANIES INC","NetIncomeLoss","2024","Q3","10-Q","2024-08-03","2024-11-01","90","1695000000","2024-11-27","0000060667-24-000169",""
"LOW","LOWES COMPANIES INC","NetIncomeLoss","2025","Q3","10-Q","2024-08-03","2024-11-01","90","1695000000","2025-11-26","0000060667-25-000210","CY2024Q3"
"LOW","LOWES COMPANIES INC","NetIncomeLoss","2024","FY","10-K","2024-02-03","2025-01-31","363","6957000000","2025-03-24","0000060667-25-000049",""
"LOW","LOWES COMPANIES INC","NetIncomeLoss","2025","FY","10-K","2024-02-03","2025-01-31","363","6957000000","2026-03-23","0000060667-26-000029",""
"LOW","LOWES COMPANIES INC","NetIncomeLoss","2025","Q1","10-Q","2025-02-01","2025-05-02","90","1641000000","2025-05-29","0000060667-25-000104",""
"LOW","LOWES COMPANIES INC","NetIncomeLoss","2026","Q1","10-Q","2025-02-01","2025-05-02","90","1641000000","2026-05-28","0000060667-26-000072","CY2025Q1"
"LOW","LOWES COMPANIES INC","NetIncomeLoss","2025","Q2","10-Q","2025-02-01","2025-08-01","181","4038000000","2025-08-28","0000060667-25-000174",""
"LOW","LOWES COMPANIES INC","NetIncomeLoss","2026","Q2","10-Q","2025-02-01","2025-08-01","181","4038000000","2026-08-27","0000060667-26-000117",""
"LOW","LOWES COMPANIES INC","NetIncomeLoss","2025","Q2","10-Q","2025-05-03","2025-08-01","90","2398000000","2025-08-28","0000060667-25-000174",""
"LOW","LOWES COMPANIES INC","NetIncomeLoss","2026","Q2","10-Q","2025-05-03","2025-08-01","90","2398000000","2026-08-27","0000060667-26-000117","CY2025Q2"
"LOW","LOWES COMPANIES INC","NetIncomeLoss","2025","Q3","10-Q","2025-02-01","2025-10-31","272","5654000000","2025-11-26","0000060667-25-000210",""
"LOW","LOWES COMPANIES INC","NetIncomeLoss","2025","Q3","10-Q","2025-08-02","2025-10-31","90","1616000000","2025-11-26","0000060667-25-000210","CY2025Q3"
"LOW","LOWES COMPANIES INC","NetIncomeLoss","2025","FY","10-K","2025-02-01","2026-01-30","363","6654000000","2026-03-23","0000060667-26-000029",""
"LOW","LOWES COMPANIES INC","NetIncomeLoss","2026","Q1","10-Q","2026-01-31","2026-05-01","90","1628000000","2026-05-28","0000060667-26-000072","CY2026Q1"
"LOW","LOWES COMPANIES INC","NetIncomeLoss","2026","Q2","10-Q","2026-01-31","2026-07-31","181","4027000000","2026-08-27","0000060667-26-000117",""
"LOW","LOWES COMPANIES INC","NetIncomeLoss","2026","Q2","10-Q","2026-05-02","2026-07-31","90","2399000000","2026-08-27","0000060667-26-000117","CY2026Q2"